snapshot_ts,game_id,home_team,away_team,provider,spread,spread_price,over_under,ou_price,home_ml,away_ml
2026-09-08T22:30:34.205875-04:00,8c94552d022acec4a0458d70c19d3da9,Seattle Seahawks,New England Patriots,draftkings,-3.0,-118.0,44.5,-108.0,-170.0,142.0
2026-09-08T22:30:34.205875-04:00,8c94552d022acec4a0458d70c19d3da9,Seattle Seahawks,New England Patriots,betus,-3.0,-120.0,44.5,-110.0,-180.0,155.0
2026-09-08T22:30:34.205875-04:00,8c94552d022acec4a0458d70c19d3da9,Seattle Seahawks,New England Patriots,fanduel,-3.5,-104.0,44.5,-110.0,-180.0,152.0
2026-09-08T22:30:34.205875-04:00,8c94552d022acec4a0458d70c19d3da9,Seattle Seahawks,New England Patriots,lowvig,-3.0,-112.0,44.5,-107.0,-177.0,155.0
2026-09-08T22:30:34.205875-04:00,8c94552d022acec4a0458d70c19d3da9,Seattle Seahawks,New England Patriots,betonlineag,-3.0,-117.0,44.5,-110.0,-177.0,155.0
2026-09-08T22:30:34.205875-04:00,8c94552d022acec4a0458d70c19d3da9,Seattle Seahawks,New England Patriots,betrivers,-3.5,-104.0,44.5,-112.0,-195.0,155.0
2026-09-08T22:30:34.205875-04:00,8c94552d022acec4a0458d70c19d3da9,Seattle Seahawks,New England Patriots,betmgm,-3.5,-105.0,44.5,-108.0,-185.0,150.0
2026-09-08T22:30:34.205875-04:00,8c94552d022acec4a0458d70c19d3da9,Seattle Seahawks,New England Patriots,bovada,-3.0,-120.0,44.5,-110.0,-175.0,150.0
2026-09-08T22:30:34.205875-04:00,8c94552d022acec4a0458d70c19d3da9,Seattle Seahawks,New England Patriots,mybookieag,-3.0,-120.0,44.5,-110.0,-181.0,147.0
2026-09-08T22:30:34.205875-04:00,acc580d74344ea3b31bbcdd057fe6a9c,Los Angeles Rams,San Francisco 49ers,draftkings,-3.5,-118.0,48.5,-108.0,-205.0,170.0
2026-09-08T22:30:34.205875-04:00,acc580d74344ea3b31bbcdd057fe6a9c,Los Angeles Rams,San Francisco 49ers,betmgm,-3.5,-112.0,48.5,-108.0,-200.0,165.0
2026-09-08T22:30:34.205875-04:00,acc580d74344ea3b31bbcdd057fe6a9c,Los Angeles Rams,San Francisco 49ers,fanduel,-3.5,-120.0,48.5,-105.0,-205.0,172.0
2026-09-08T22:30:34.205875-04:00,acc580d74344ea3b31bbcdd057fe6a9c,Los Angeles Rams,San Francisco 49ers,betonlineag,-3.5,-118.0,48.0,-113.0,-210.0,180.0
2026-09-08T22:30:34.205875-04:00,acc580d74344ea3b31bbcdd057fe6a9c,Los Angeles Rams,San Francisco 49ers,lowvig,-3.5,-114.0,48.0,-110.0,-210.0,180.0
2026-09-08T22:30:34.205875-04:00,acc580d74344ea3b31bbcdd057fe6a9c,Los Angeles Rams,San Francisco 49ers,betrivers,-3.5,-113.0,48.5,-109.0,-205.0,160.0
2026-09-08T22:30:34.205875-04:00,acc580d74344ea3b31bbcdd057fe6a9c,Los Angeles Rams,San Francisco 49ers,bovada,-4.0,-105.0,48.0,-115.0,-210.0,175.0
2026-09-08T22:30:34.205875-04:00,acc580d74344ea3b31bbcdd057fe6a9c,Los Angeles Rams,San Francisco 49ers,betus,-3.5,-115.0,48.0,-115.0,-215.0,183.0
2026-09-08T22:30:34.205875-04:00,acc580d74344ea3b31bbcdd057fe6a9c,Los Angeles Rams,San Francisco 49ers,mybookieag,-4.0,-110.0,48.5,-110.0,-206.0,166.0
2026-09-09T18:32:48.999567-04:00,8c94552d022acec4a0458d70c19d3da9,Seattle Seahawks,New England Patriots,draftkings,-3.0,-120.0,44.5,-105.0,-170.0,142.0
2026-09-09T18:32:48.999567-04:00,8c94552d022acec4a0458d70c19d3da9,Seattle Seahawks,New England Patriots,betus,-3.0,-115.0,44.0,-110.0,-175.0,150.0
2026-09-09T18:32:48.999567-04:00,8c94552d022acec4a0458d70c19d3da9,Seattle Seahawks,New England Patriots,fanduel,-3.5,-102.0,44.5,-108.0,-176.0,148.0
2026-09-09T18:32:48.999567-04:00,8c94552d022acec4a0458d70c19d3da9,Seattle Seahawks,New England Patriots,lowvig,-3.0,-108.0,44.5,-102.0,-175.0,153.0
2026-09-09T18:32:48.999567-04:00,8c94552d022acec4a0458d70c19d3da9,Seattle Seahawks,New England Patriots,betonlineag,-3.0,-103.0,44.5,-105.0,-175.0,153.0
2026-09-09T18:32:48.999567-04:00,8c94552d022acec4a0458d70c19d3da9,Seattle Seahawks,New England Patriots,betrivers,-3.0,-118.0,44.0,-112.0,-182.0,150.0
2026-09-09T18:32:48.999567-04:00,8c94552d022acec4a0458d70c19d3da9,Seattle Seahawks,New England Patriots,betmgm,-3.0,-110.0,44.5,-108.0,-175.0,145.0
2026-09-09T18:32:48.999567-04:00,8c94552d022acec4a0458d70c19d3da9,Seattle Seahawks,New England Patriots,bovada,-3.0,-110.0,44.0,-110.0,-175.0,150.0
2026-09-09T18:32:48.999567-04:00,8c94552d022acec4a0458d70c19d3da9,Seattle Seahawks,New England Patriots,mybookieag,-3.5,102.0,44.0,-110.0,-179.0,145.0
2026-09-09T18:32:48.999567-04:00,acc580d74344ea3b31bbcdd057fe6a9c,Los Angeles Rams,San Francisco 49ers,draftkings,-3.5,-118.0,48.5,-108.0,-198.0,164.0
2026-09-09T18:32:48.999567-04:00,acc580d74344ea3b31bbcdd057fe6a9c,Los Angeles Rams,San Francisco 49ers,betmgm,-4.0,-110.0,48.5,-108.0,-210.0,170.0
2026-09-09T18:32:48.999567-04:00,acc580d74344ea3b31bbcdd057fe6a9c,Los Angeles Rams,San Francisco 49ers,fanduel,-3.5,-120.0,48.5,-105.0,-200.0,172.0
2026-09-09T18:32:48.999567-04:00,acc580d74344ea3b31bbcdd057fe6a9c,Los Angeles Rams,San Francisco 49ers,betonlineag,-3.5,-118.0,48.0,-113.0,-205.0,177.0
2026-09-09T18:32:48.999567-04:00,acc580d74344ea3b31bbcdd057fe6a9c,Los Angeles Rams,San Francisco 49ers,lowvig,-3.5,-114.0,48.0,-110.0,-205.0,177.0
2026-09-09T18:32:48.999567-04:00,acc580d74344ea3b31bbcdd057fe6a9c,Los Angeles Rams,San Francisco 49ers,betrivers,-3.5,-113.0,48.5,-108.0,-200.0,160.0
2026-09-09T18:32:48.999567-04:00,acc580d74344ea3b31bbcdd057fe6a9c,Los Angeles Rams,San Francisco 49ers,bovada,-4.0,-105.0,48.0,-110.0,-210.0,175.0
2026-09-09T18:32:48.999567-04:00,acc580d74344ea3b31bbcdd057fe6a9c,Los Angeles Rams,San Francisco 49ers,betus,-3.5,-115.0,48.0,-115.0,-210.0,180.0
2026-09-09T18:32:48.999567-04:00,acc580d74344ea3b31bbcdd057fe6a9c,Los Angeles Rams,San Francisco 49ers,mybookieag,-4.0,-110.0,48.0,-110.0,-206.0,166.0
2026-09-10T13:24:17.961900-04:00,acc580d74344ea3b31bbcdd057fe6a9c,Los Angeles Rams,San Francisco 49ers,draftkings,-3.5,-112.0,48.5,-105.0,-198.0,164.0
2026-09-10T13:24:17.961900-04:00,acc580d74344ea3b31bbcdd057fe6a9c,Los Angeles Rams,San Francisco 49ers,betmgm,-3.5,-105.0,48.0,-108.0,-200.0,165.0
2026-09-10T13:24:17.961900-04:00,acc580d74344ea3b31bbcdd057fe6a9c,Los Angeles Rams,San Francisco 49ers,fanduel,-3.5,-112.0,48.5,-105.0,-198.0,166.0
2026-09-10T13:24:17.961900-04:00,acc580d74344ea3b31bbcdd057fe6a9c,Los Angeles Rams,San Francisco 49ers,betonlineag,-3.5,-112.0,48.0,-115.0,-195.0,170.0
2026-09-10T13:24:17.961900-04:00,acc580d74344ea3b31bbcdd057fe6a9c,Los Angeles Rams,San Francisco 49ers,lowvig,-3.5,-107.0,48.0,-110.0,-195.0,170.0
2026-09-10T13:24:17.961900-04:00,acc580d74344ea3b31bbcdd057fe6a9c,Los Angeles Rams,San Francisco 49ers,betrivers,-4.0,-108.0,48.0,-112.0,-210.0,170.0
2026-09-10T13:24:17.961900-04:00,acc580d74344ea3b31bbcdd057fe6a9c,Los Angeles Rams,San Francisco 49ers,bovada,-3.5,-115.0,48.0,-115.0,-200.0,170.0
2026-09-10T13:24:17.961900-04:00,acc580d74344ea3b31bbcdd057fe6a9c,Los Angeles Rams,San Francisco 49ers,betus,-3.5,-110.0,48.0,-115.0,-195.0,167.0
2026-09-10T13:24:17.961900-04:00,acc580d74344ea3b31bbcdd057fe6a9c,Los Angeles Rams,San Francisco 49ers,mybookieag,-3.5,-110.0,48.0,-110.0,-204.0,163.0
2026-09-10T18:18:30.469177-04:00,acc580d74344ea3b31bbcdd057fe6a9c,Los Angeles Rams,San Francisco 49ers,draftkings,-3.5,-115.0,48.5,-102.0,-205.0,170.0
2026-09-10T18:18:30.469177-04:00,acc580d74344ea3b31bbcdd057fe6a9c,Los Angeles Rams,San Francisco 49ers,betmgm,-3.5,-108.0,47.5,-110.0,-210.0,170.0
2026-09-10T18:18:30.469177-04:00,acc580d74344ea3b31bbcdd057fe6a9c,Los Angeles Rams,San Francisco 49ers,fanduel,-3.5,-112.0,47.5,-114.0,-205.0,172.0
2026-09-10T18:18:30.469177-04:00,acc580d74344ea3b31bbcdd057fe6a9c,Los Angeles Rams,San Francisco 49ers,betonlineag,-3.5,-115.0,47.5,-111.0,-200.0,174.0
2026-09-10T18:18:30.469177-04:00,acc580d74344ea3b31bbcdd057fe6a9c,Los Angeles Rams,San Francisco 49ers,lowvig,-3.5,-110.0,47.5,-108.0,-200.0,174.0
2026-09-10T18:18:30.469177-04:00,acc580d74344ea3b31bbcdd057fe6a9c,Los Angeles Rams,San Francisco 49ers,betrivers,-3.5,-113.0,47.5,-113.0,-205.0,165.0
2026-09-10T18:18:30.469177-04:00,acc580d74344ea3b31bbcdd057fe6a9c,Los Angeles Rams,San Francisco 49ers,bovada,-4.0,-105.0,47.5,-115.0,-200.0,170.0
2026-09-10T18:18:30.469177-04:00,acc580d74344ea3b31bbcdd057fe6a9c,Los Angeles Rams,San Francisco 49ers,betus,-3.5,-110.0,47.5,-110.0,-200.0,170.0
2026-09-10T18:18:30.469177-04:00,acc580d74344ea3b31bbcdd057fe6a9c,Los Angeles Rams,San Francisco 49ers,mybookieag,-3.5,-110.0,48.0,-110.0,-206.0,165.0
2026-09-12T12:39:00.640262-04:00,95c01d1bb797d6df14824b106c5a9130,Pittsburgh Steelers,Atlanta Falcons,draftkings,-6.0,-110.0,41.5,-105.0,-270.0,220.0
2026-09-12T12:39:00.640262-04:00,95c01d1bb797d6df14824b106c5a9130,Pittsburgh Steelers,Atlanta Falcons,betrivers,-6.0,-113.0,41.0,-109.0,-265.0,210.0
2026-09-12T12:39:00.640262-04:00,95c01d1bb797d6df14824b106c5a9130,Pittsburgh Steelers,Atlanta Falcons,betonlineag,-5.5,-115.0,41.0,-110.0,-270.0,222.0
2026-09-12T12:39:00.640262-04:00,95c01d1bb797d6df14824b106c5a9130,Pittsburgh Steelers,Atlanta Falcons,fanduel,-5.5,-118.0,40.5,-118.0,-290.0,235.0
2026-09-12T12:39:00.640262-04:00,95c01d1bb797d6df14824b106c5a9130,Pittsburgh Steelers,Atlanta Falcons,lowvig,-5.5,-110.0,41.0,-107.0,-270.0,222.0
2026-09-12T12:39:00.640262-04:00,95c01d1bb797d6df14824b106c5a9130,Pittsburgh Steelers,Atlanta Falcons,betus,-6.0,-110.0,41.0,-110.0,-270.0,225.0
2026-09-12T12:39:00.640262-04:00,95c01d1bb797d6df14824b106c5a9130,Pittsburgh Steelers,Atlanta Falcons,betmgm,-6.0,-108.0,41.0,-110.0,-275.0,225.0
2026-09-12T12:39:00.640262-04:00,95c01d1bb797d6df14824b106c5a9130,Pittsburgh Steelers,Atlanta Falcons,bovada,-6.5,-105.0,41.0,-110.0,-290.0,240.0
2026-09-12T12:39:00.640262-04:00,95c01d1bb797d6df14824b106c5a9130,Pittsburgh Steelers,Atlanta Falcons,mybookieag,-6.0,-110.0,41.0,-110.0,-275.0,218.0
2026-09-12T12:39:00.640262-04:00,b6cfdcbafa61ce220ba87dc2d9b80c77,Indianapolis Colts,Baltimore Ravens,draftkings,3.5,-115.0,47.5,-115.0,145.0,-175.0
2026-09-12T12:39:00.640262-04:00,b6cfdcbafa61ce220ba87dc2d9b80c77,Indianapolis Colts,Baltimore Ravens,betus,3.0,100.0,48.0,-110.0,142.0,-165.0
2026-09-12T12:39:00.640262-04:00,b6cfdcbafa61ce220ba87dc2d9b80c77,Indianapolis Colts,Baltimore Ravens,lowvig,3.0,100.0,48.0,-102.0,145.0,-165.0
2026-09-12T12:39:00.640262-04:00,b6cfdcbafa61ce220ba87dc2d9b80c77,Indianapolis Colts,Baltimore Ravens,betrivers,3.5,-114.0,48.0,-108.0,143.0,-175.0
2026-09-12T12:39:00.640262-04:00,b6cfdcbafa61ce220ba87dc2d9b80c77,Indianapolis Colts,Baltimore Ravens,betonlineag,3.0,-105.0,48.0,-105.0,145.0,-165.0
2026-09-12T12:39:00.640262-04:00,b6cfdcbafa61ce220ba87dc2d9b80c77,Indianapolis Colts,Baltimore Ravens,fanduel,3.5,-120.0,47.5,-114.0,148.0,-176.0
2026-09-12T12:39:00.640262-04:00,b6cfdcbafa61ce220ba87dc2d9b80c77,Indianapolis Colts,Baltimore Ravens,betmgm,3.5,-115.0,48.0,-108.0,150.0,-185.0
2026-09-12T12:39:00.640262-04:00,b6cfdcbafa61ce220ba87dc2d9b80c77,Indianapolis Colts,Baltimore Ravens,bovada,3.0,100.0,48.0,-105.0,150.0,-175.0
2026-09-12T12:39:00.640262-04:00,b6cfdcbafa61ce220ba87dc2d9b80c77,Indianapolis Colts,Baltimore Ravens,mybookieag,3.0,-110.0,48.0,-110.0,132.0,-162.0
2026-09-12T12:39:00.640262-04:00,7e09efed7e12c659b82740b67ce2f9a1,Houston Texans,Buffalo Bills,draftkings,1.5,-112.0,44.5,-110.0,-102.0,-118.0
2026-09-12T12:39:00.640262-04:00,7e09efed7e12c659b82740b67ce2f9a1,Houston Texans,Buffalo Bills,betus,1.0,-105.0,44.5,-110.0,105.0,-125.0
2026-09-12T12:39:00.640262-04:00,7e09efed7e12c659b82740b67ce2f9a1,Houston Texans,Buffalo Bills,lowvig,1.0,101.0,44.5,-107.0,105.0,-125.0
2026-09-12T12:39:00.640262-04:00,7e09efed7e12c659b82740b67ce2f9a1,Houston Texans,Buffalo Bills,betrivers,2.0,-113.0,45.0,-110.0,104.0,-125.0
2026-09-12T12:39:00.640262-04:00,7e09efed7e12c659b82740b67ce2f9a1,Houston Texans,Buffalo Bills,betonlineag,1.0,100.0,44.5,-110.0,105.0,-125.0
2026-09-12T12:39:00.640262-04:00,7e09efed7e12c659b82740b67ce2f9a1,Houston Texans,Buffalo Bills,fanduel,1.5,-115.0,44.5,-110.0,-104.0,-112.0
2026-09-12T12:39:00.640262-04:00,7e09efed7e12c659b82740b67ce2f9a1,Houston Texans,Buffalo Bills,betmgm,1.5,-110.0,44.5,-110.0,105.0,-120.0
2026-09-12T12:39:00.640262-04:00,7e09efed7e12c659b82740b67ce2f9a1,Houston Texans,Buffalo Bills,bovada,1.5,-110.0,44.5,-110.0,105.0,-125.0
2026-09-12T12:39:00.640262-04:00,7e09efed7e12c659b82740b67ce2f9a1,Houston Texans,Buffalo Bills,mybookieag,1.0,-110.0,44.5,-110.0,-101.0,-121.0
2026-09-12T12:39:00.640262-04:00,fc362aff0d889ec52d358307a70c32ed,Carolina Panthers,Chicago Bears,draftkings,3.0,-102.0,47.5,-110.0,140.0,-166.0
2026-09-12T12:39:00.640262-04:00,fc362aff0d889ec52d358307a70c32ed,Carolina Panthers,Chicago Bears,fanduel,3.0,-105.0,47.5,-102.0,148.0,-176.0
2026-09-12T12:39:00.640262-04:00,fc362aff0d889ec52d358307a70c32ed,Carolina Panthers,Chicago Bears,lowvig,3.0,-105.0,47.0,-107.0,149.0,-170.0
2026-09-12T12:39:00.640262-04:00,fc362aff0d889ec52d358307a70c32ed,Carolina Panthers,Chicago Bears,betus,3.0,-105.0,47.0,-110.0,146.0,-170.0
2026-09-12T12:39:00.640262-04:00,fc362aff0d889ec52d358307a70c32ed,Carolina Panthers,Chicago Bears,betonlineag,3.0,-105.0,47.0,-110.0,149.0,-170.0
2026-09-12T12:39:00.640262-04:00,fc362aff0d889ec52d358307a70c32ed,Carolina Panthers,Chicago Bears,betrivers,3.0,-107.0,47.0,-110.0,140.0,-175.0
2026-09-12T12:39:00.640262-04:00,fc362aff0d889ec52d358307a70c32ed,Carolina Panthers,Chicago Bears,betmgm,3.0,-102.0,47.0,-110.0,140.0,-165.0
2026-09-12T12:39:00.640262-04:00,fc362aff0d889ec52d358307a70c32ed,Carolina Panthers,Chicago Bears,bovada,3.0,-110.0,47.0,-110.0,145.0,-170.0
2026-09-12T12:39:00.640262-04:00,fc362aff0d889ec52d358307a70c32ed,Carolina Panthers,Chicago Bears,mybookieag,3.0,-110.0,47.0,-110.0,141.0,-174.0
2026-09-12T12:39:00.640262-04:00,ed6d24ff979f9c71979fead577b0b3f7,Cincinnati Bengals,Tampa Bay Buccaneers,draftkings,-3.5,-112.0,50.5,-108.0,-205.0,170.0
2026-09-12T12:39:00.640262-04:00,ed6d24ff979f9c71979fead577b0b3f7,Cincinnati Bengals,Tampa Bay Buccaneers,fanduel,-3.5,-118.0,50.5,-112.0,-210.0,176.0
2026-09-12T12:39:00.640262-04:00,ed6d24ff979f9c71979fead577b0b3f7,Cincinnati Bengals,Tampa Bay Buccaneers,lowvig,-3.5,-110.0,50.5,-102.0,-205.0,177.0
2026-09-12T12:39:00.640262-04:00,ed6d24ff979f9c71979fead577b0b3f7,Cincinnati Bengals,Tampa Bay Buccaneers,betus,-3.5,-115.0,50.5,-105.0,-205.0,175.0
2026-09-12T12:39:00.640262-04:00,ed6d24ff979f9c71979fead577b0b3f7,Cincinnati Bengals,Tampa Bay Buccaneers,betonlineag,-3.5,-115.0,50.5,-105.0,-205.0,177.0
2026-09-12T12:39:00.640262-04:00,ed6d24ff979f9c71979fead577b0b3f7,Cincinnati Bengals,Tampa Bay Buccaneers,betrivers,-4.0,-108.0,50.5,-110.0,-210.0,170.0
2026-09-12T12:39:00.640262-04:00,ed6d24ff979f9c71979fead577b0b3f7,Cincinnati Bengals,Tampa Bay Buccaneers,betmgm,-3.5,-110.0,50.5,-108.0,-210.0,170.0
2026-09-12T12:39:00.640262-04:00,ed6d24ff979f9c71979fead577b0b3f7,Cincinnati Bengals,Tampa Bay Buccaneers,bovada,-3.5,-115.0,50.0,-115.0,-210.0,175.0
2026-09-12T12:39:00.640262-04:00,ed6d24ff979f9c71979fead577b0b3f7,Cincinnati Bengals,Tampa Bay Buccaneers,mybookieag,-4.0,-110.0,50.5,-110.0,-210.0,168.0
2026-09-12T12:39:00.640262-04:00,e55c6fe19fce094ce214c8b0e5b504e9,Jacksonville Jaguars,Cleveland Browns,draftkings,-8.5,-112.0,39.5,-118.0,-455.0,350.0
2026-09-12T12:39:00.640262-04:00,e55c6fe19fce094ce214c8b0e5b504e9,Jacksonville Jaguars,Cleveland Browns,fanduel,-8.5,-112.0,40.5,-102.0,-460.0,360.0
2026-09-12T12:39:00.640262-04:00,e55c6fe19fce094ce214c8b0e5b504e9,Jacksonville Jaguars,Cleveland Browns,betus,-9.5,-105.0,40.0,-110.0,-400.0,320.0
2026-09-12T12:39:00.640262-04:00,e55c6fe19fce094ce214c8b0e5b504e9,Jacksonville Jaguars,Cleveland Browns,betrivers,-8.5,-109.0,40.5,-106.0,-420.0,320.0
2026-09-12T12:39:00.640262-04:00,e55c6fe19fce094ce214c8b0e5b504e9,Jacksonville Jaguars,Cleveland Browns,betonlineag,-9.5,-104.0,40.0,-112.0,-400.0,316.0
2026-09-12T12:39:00.640262-04:00,e55c6fe19fce094ce214c8b0e5b504e9,Jacksonville Jaguars,Cleveland Browns,lowvig,-9.5,101.0,40.0,-109.0,-400.0,316.0
2026-09-12T12:39:00.640262-04:00,e55c6fe19fce094ce214c8b0e5b504e9,Jacksonville Jaguars,Cleveland Browns,betmgm,-9.0,-110.0,40.0,-110.0,-450.0,333.0
2026-09-12T12:39:00.640262-04:00,e55c6fe19fce094ce214c8b0e5b504e9,Jacksonville Jaguars,Cleveland Browns,bovada,-9.0,-110.0,40.0,-110.0,-420.0,315.0
2026-09-12T12:39:00.640262-04:00,e55c6fe19fce094ce214c8b0e5b504e9,Jacksonville Jaguars,Cleveland Browns,mybookieag,-9.0,-110.0,40.0,-110.0,-481.0,350.0
2026-09-12T12:39:00.640262-04:00,c1d3fcec25aaeb06ebd2244d33d338e0,Detroit Lions,New Orleans Saints,draftkings,-7.0,-110.0,49.5,-112.0,-340.0,270.0
2026-09-12T12:39:00.640262-04:00,c1d3fcec25aaeb06ebd2244d33d338e0,Detroit Lions,New Orleans Saints,fanduel,-6.5,-122.0,49.5,-115.0,-335.0,270.0
2026-09-12T12:39:00.640262-04:00,c1d3fcec25aaeb06ebd2244d33d338e0,Detroit Lions,New Orleans Saints,lowvig,-7.0,-103.0,50.0,-107.0,-310.0,252.0
2026-09-12T12:39:00.640262-04:00,c1d3fcec25aaeb06ebd2244d33d338e0,Detroit Lions,New Orleans Saints,betonlineag,-7.0,-108.0,50.0,-110.0,-310.0,252.0
2026-09-12T12:39:00.640262-04:00,c1d3fcec25aaeb06ebd2244d33d338e0,Detroit Lions,New Orleans Saints,betus,-7.0,-110.0,50.0,-110.0,-310.0,255.0
2026-09-12T12:39:00.640262-04:00,c1d3fcec25aaeb06ebd2244d33d338e0,Detroit Lions,New Orleans Saints,betrivers,-7.0,-110.0,49.5,-113.0,-345.0,265.0
2026-09-12T12:39:00.640262-04:00,c1d3fcec25aaeb06ebd2244d33d338e0,Detroit Lions,New Orleans Saints,betmgm,-7.0,-110.0,49.5,-118.0,-325.0,260.0
2026-09-12T12:39:00.640262-04:00,c1d3fcec25aaeb06ebd2244d33d338e0,Detroit Lions,New Orleans Saints,bovada,-7.0,-110.0,50.0,-105.0,-330.0,265.0
2026-09-12T12:39:00.640262-04:00,c1d3fcec25aaeb06ebd2244d33d338e0,Detroit Lions,New Orleans Saints,mybookieag,-7.0,-110.0,50.0,-110.0,-330.0,255.0
2026-09-12T12:39:00.640262-04:00,7dddb296a42e7a41a774b24bd1709ce1,Tennessee Titans,New York Jets,draftkings,-1.5,-110.0,38.5,-112.0,-122.0,102.0
2026-09-12T12:39:00.640262-04:00,7dddb296a42e7a41a774b24bd1709ce1,Tennessee Titans,New York Jets,fanduel,-1.5,-108.0,38.5,-110.0,-118.0,100.0
2026-09-12T12:39:00.640262-04:00,7dddb296a42e7a41a774b24bd1709ce1,Tennessee Titans,New York Jets,lowvig,0.0,-112.0,38.5,-107.0,,
2026-09-12T12:39:00.640262-04:00,7dddb296a42e7a41a774b24bd1709ce1,Tennessee Titans,New York Jets,betus,0.0,-120.0,38.5,-110.0,,
2026-09-12T12:39:00.640262-04:00,7dddb296a42e7a41a774b24bd1709ce1,Tennessee Titans,New York Jets,betonlineag,0.0,-116.0,38.5,-110.0,,
2026-09-12T12:39:00.640262-04:00,7dddb296a42e7a41a774b24bd1709ce1,Tennessee Titans,New York Jets,betrivers,-1.5,-110.0,38.5,-110.0,-125.0,104.0
2026-09-12T12:39:00.640262-04:00,7dddb296a42e7a41a774b24bd1709ce1,Tennessee Titans,New York Jets,betmgm,-1.5,-108.0,38.5,-110.0,-120.0,100.0
2026-09-12T12:39:00.640262-04:00,7dddb296a42e7a41a774b24bd1709ce1,Tennessee Titans,New York Jets,bovada,-1.0,-110.0,39.0,-110.0,-115.0,-105.0
2026-09-12T12:39:00.640262-04:00,7dddb296a42e7a41a774b24bd1709ce1,Tennessee Titans,New York Jets,mybookieag,-1.0,-110.0,38.5,-110.0,-123.0,101.0
2026-09-12T12:39:00.640262-04:00,1edfa5ceaa1ad2cb57df1c1b908731f6,Los Angeles Chargers,Arizona Cardinals,draftkings,-9.5,-115.0,47.5,-102.0,-500.0,380.0
2026-09-12T12:39:00.640262-04:00,1edfa5ceaa1ad2cb57df1c1b908731f6,Los Angeles Chargers,Arizona Cardinals,lowvig,-9.5,100.0,47.0,-113.0,-515.0,393.0
2026-09-12T12:39:00.640262-04:00,1edfa5ceaa1ad2cb57df1c1b908731f6,Los Angeles Chargers,Arizona Cardinals,betonlineag,-9.5,-105.0,47.0,-115.0,-515.0,393.0
2026-09-12T12:39:00.640262-04:00,1edfa5ceaa1ad2cb57df1c1b908731f6,Los Angeles Chargers,Arizona Cardinals,betus,-9.5,-105.0,47.5,-110.0,-515.0,400.0
2026-09-12T12:39:00.640262-04:00,1edfa5ceaa1ad2cb57df1c1b908731f6,Los Angeles Chargers,Arizona Cardinals,betrivers,-9.0,-112.0,47.0,-113.0,-480.0,350.0
2026-09-12T12:39:00.640262-04:00,1edfa5ceaa1ad2cb57df1c1b908731f6,Los Angeles Chargers,Arizona Cardinals,fanduel,-9.5,-105.0,47.5,-104.0,-490.0,380.0
2026-09-12T12:39:00.640262-04:00,1edfa5ceaa1ad2cb57df1c1b908731f6,Los Angeles Chargers,Arizona Cardinals,betmgm,-9.5,-112.0,47.5,-108.0,-500.0,400.0
2026-09-12T12:39:00.640262-04:00,1edfa5ceaa1ad2cb57df1c1b908731f6,Los Angeles Chargers,Arizona Cardinals,bovada,-9.0,-110.0,47.0,-115.0,-500.0,360.0
2026-09-12T12:39:00.640262-04:00,1edfa5ceaa1ad2cb57df1c1b908731f6,Los Angeles Chargers,Arizona Cardinals,mybookieag,-9.5,-110.0,47.0,-110.0,-505.0,356.0
2026-09-12T12:39:00.640262-04:00,cb77efed7e711d25a72c1a2a0a1af119,Minnesota Vikings,Green Bay Packers,draftkings,-2.5,-105.0,46.5,-108.0,-130.0,110.0
2026-09-12T12:39:00.640262-04:00,cb77efed7e711d25a72c1a2a0a1af119,Minnesota Vikings,Green Bay Packers,lowvig,-1.0,-119.0,46.0,-113.0,-130.0,110.0
2026-09-12T12:39:00.640262-04:00,cb77efed7e711d25a72c1a2a0a1af119,Minnesota Vikings,Green Bay Packers,betonlineag,-1.0,-123.0,46.0,-115.0,-130.0,110.0
2026-09-12T12:39:00.640262-04:00,cb77efed7e711d25a72c1a2a0a1af119,Minnesota Vikings,Green Bay Packers,betus,-1.0,-120.0,46.0,-115.0,-125.0,105.0
2026-09-12T12:39:00.640262-04:00,cb77efed7e711d25a72c1a2a0a1af119,Minnesota Vikings,Green Bay Packers,betrivers,-1.5,-113.0,46.0,-112.0,-127.0,105.0
2026-09-12T12:39:00.640262-04:00,cb77efed7e711d25a72c1a2a0a1af119,Minnesota Vikings,Green Bay Packers,fanduel,-1.5,-110.0,46.5,-108.0,-126.0,108.0
2026-09-12T12:39:00.640262-04:00,cb77efed7e711d25a72c1a2a0a1af119,Minnesota Vikings,Green Bay Packers,betmgm,-2.0,-110.0,46.5,-110.0,-135.0,110.0
2026-09-12T12:39:00.640262-04:00,cb77efed7e711d25a72c1a2a0a1af119,Minnesota Vikings,Green Bay Packers,bovada,-2.0,-110.0,46.0,-110.0,-130.0,110.0
2026-09-12T12:39:00.640262-04:00,cb77efed7e711d25a72c1a2a0a1af119,Minnesota Vikings,Green Bay Packers,mybookieag,-2.0,-110.0,46.5,-110.0,-127.0,104.0
2026-09-12T12:39:00.640262-04:00,c5d95f48a16849ab6bebc68fbbfcb74a,Las Vegas Raiders,Miami Dolphins,draftkings,-3.0,-112.0,40.5,-105.0,-170.0,142.0
2026-09-12T12:39:00.640262-04:00,c5d95f48a16849ab6bebc68fbbfcb74a,Las Vegas Raiders,Miami Dolphins,betus,-3.0,-115.0,40.0,-110.0,-165.0,142.0
2026-09-12T12:39:00.640262-04:00,c5d95f48a16849ab6bebc68fbbfcb74a,Las Vegas Raiders,Miami Dolphins,betrivers,-3.0,-114.0,40.5,-107.0,-159.0,130.0
2026-09-12T12:39:00.640262-04:00,c5d95f48a16849ab6bebc68fbbfcb74a,Las Vegas Raiders,Miami Dolphins,fanduel,-3.0,-112.0,39.5,-118.0,-164.0,138.0
2026-09-12T12:39:00.640262-04:00,c5d95f48a16849ab6bebc68fbbfcb74a,Las Vegas Raiders,Miami Dolphins,betonlineag,-3.0,-113.0,40.5,-110.0,-165.0,145.0
2026-09-12T12:39:00.640262-04:00,c5d95f48a16849ab6bebc68fbbfcb74a,Las Vegas Raiders,Miami Dolphins,lowvig,-3.0,-108.0,40.5,-107.0,-165.0,145.0
2026-09-12T12:39:00.640262-04:00,c5d95f48a16849ab6bebc68fbbfcb74a,Las Vegas Raiders,Miami Dolphins,betmgm,-3.0,-108.0,40.5,-108.0,-165.0,140.0
2026-09-12T12:39:00.640262-04:00,c5d95f48a16849ab6bebc68fbbfcb74a,Las Vegas Raiders,Miami Dolphins,bovada,-3.0,-115.0,40.0,-110.0,-165.0,140.0
2026-09-12T12:39:00.640262-04:00,c5d95f48a16849ab6bebc68fbbfcb74a,Las Vegas Raiders,Miami Dolphins,mybookieag,-3.0,-120.0,40.0,-110.0,-171.0,139.0
2026-09-12T12:39:00.640262-04:00,17885cb8dcade8f6c3bce14b2de805e8,Philadelphia Eagles,Washington Commanders,draftkings,-6.0,-108.0,44.5,-105.0,-250.0,205.0
2026-09-12T12:39:00.640262-04:00,17885cb8dcade8f6c3bce14b2de805e8,Philadelphia Eagles,Washington Commanders,fanduel,-5.5,-110.0,44.5,-105.0,-250.0,205.0
2026-09-12T12:39:00.640262-04:00,17885cb8dcade8f6c3bce14b2de805e8,Philadelphia Eagles,Washington Commanders,betus,-5.5,-110.0,44.0,-110.0,-245.0,205.0
2026-09-12T12:39:00.640262-04:00,17885cb8dcade8f6c3bce14b2de805e8,Philadelphia Eagles,Washington Commanders,betrivers,-5.5,-110.0,44.5,-106.0,-250.0,205.0
2026-09-12T12:39:00.640262-04:00,17885cb8dcade8f6c3bce14b2de805e8,Philadelphia Eagles,Washington Commanders,betonlineag,-5.0,-115.0,44.0,-110.0,-247.0,205.0
2026-09-12T12:39:00.640262-04:00,17885cb8dcade8f6c3bce14b2de805e8,Philadelphia Eagles,Washington Commanders,lowvig,-5.0,-110.0,44.0,-107.0,-247.0,205.0
2026-09-12T12:39:00.640262-04:00,17885cb8dcade8f6c3bce14b2de805e8,Philadelphia Eagles,Washington Commanders,betmgm,-5.5,-110.0,44.5,-105.0,-235.0,200.0
2026-09-12T12:39:00.640262-04:00,17885cb8dcade8f6c3bce14b2de805e8,Philadelphia Eagles,Washington Commanders,bovada,-5.5,-105.0,44.0,-110.0,-245.0,205.0
2026-09-12T12:39:00.640262-04:00,17885cb8dcade8f6c3bce14b2de805e8,Philadelphia Eagles,Washington Commanders,mybookieag,-5.5,-110.0,44.5,-110.0,-250.0,198.0
2026-09-12T12:39:00.640262-04:00,3e646c7479c57f5d9752d8c7dfe7059b,New York Giants,Dallas Cowboys,draftkings,3.0,-115.0,48.5,-105.0,136.0,-162.0
2026-09-12T12:39:00.640262-04:00,3e646c7479c57f5d9752d8c7dfe7059b,New York Giants,Dallas Cowboys,fanduel,3.0,-112.0,48.5,-105.0,134.0,-158.0
2026-09-12T12:39:00.640262-04:00,3e646c7479c57f5d9752d8c7dfe7059b,New York Giants,Dallas Cowboys,betonlineag,3.0,-113.0,48.0,-108.0,139.0,-159.0
2026-09-12T12:39:00.640262-04:00,3e646c7479c57f5d9752d8c7dfe7059b,New York Giants,Dallas Cowboys,betmgm,3.0,-110.0,48.0,-110.0,138.0,-165.0
2026-09-12T12:39:00.640262-04:00,3e646c7479c57f5d9752d8c7dfe7059b,New York Giants,Dallas Cowboys,lowvig,3.0,-108.0,48.0,-105.0,139.0,-159.0
2026-09-12T12:39:00.640262-04:00,3e646c7479c57f5d9752d8c7dfe7059b,New York Giants,Dallas Cowboys,betrivers,3.0,-118.0,48.0,-108.0,132.0,-157.0
2026-09-12T12:39:00.640262-04:00,3e646c7479c57f5d9752d8c7dfe7059b,New York Giants,Dallas Cowboys,bovada,3.0,-110.0,48.0,-110.0,145.0,-170.0
2026-09-12T12:39:00.640262-04:00,3e646c7479c57f5d9752d8c7dfe7059b,New York Giants,Dallas Cowboys,betus,3.0,-110.0,48.0,-108.0,134.0,-155.0
2026-09-12T12:39:00.640262-04:00,3e646c7479c57f5d9752d8c7dfe7059b,New York Giants,Dallas Cowboys,mybookieag,3.0,-120.0,48.0,-110.0,135.0,-167.0
2026-09-12T17:58:11.930908-04:00,95c01d1bb797d6df14824b106c5a9130,Pittsburgh Steelers,Atlanta Falcons,draftkings,-6.0,-110.0,40.5,-118.0,-265.0,215.0
2026-09-12T17:58:11.930908-04:00,95c01d1bb797d6df14824b106c5a9130,Pittsburgh Steelers,Atlanta Falcons,betrivers,-6.0,-113.0,41.0,-109.0,-265.0,210.0
2026-09-12T17:58:11.930908-04:00,95c01d1bb797d6df14824b106c5a9130,Pittsburgh Steelers,Atlanta Falcons,betonlineag,-6.0,-110.0,41.0,-110.0,-280.0,230.0
2026-09-12T17:58:11.930908-04:00,95c01d1bb797d6df14824b106c5a9130,Pittsburgh Steelers,Atlanta Falcons,fanduel,-5.5,-118.0,40.5,-118.0,-290.0,235.0
2026-09-12T17:58:11.930908-04:00,95c01d1bb797d6df14824b106c5a9130,Pittsburgh Steelers,Atlanta Falcons,lowvig,-6.0,-109.0,41.0,-107.0,-280.0,230.0
2026-09-12T17:58:11.930908-04:00,95c01d1bb797d6df14824b106c5a9130,Pittsburgh Steelers,Atlanta Falcons,betus,-6.5,-110.0,40.5,-110.0,-280.0,235.0
2026-09-12T17:58:11.930908-04:00,95c01d1bb797d6df14824b106c5a9130,Pittsburgh Steelers,Atlanta Falcons,betmgm,-6.0,-110.0,41.0,-108.0,-285.0,230.0
2026-09-12T17:58:11.930908-04:00,95c01d1bb797d6df14824b106c5a9130,Pittsburgh Steelers,Atlanta Falcons,bovada,-6.5,-105.0,41.0,-110.0,-290.0,240.0
2026-09-12T17:58:11.930908-04:00,95c01d1bb797d6df14824b106c5a9130,Pittsburgh Steelers,Atlanta Falcons,mybookieag,-6.5,-110.0,41.0,-110.0,-285.0,222.0
2026-09-12T17:58:11.930908-04:00,b6cfdcbafa61ce220ba87dc2d9b80c77,Indianapolis Colts,Baltimore Ravens,draftkings,3.5,-115.0,47.5,-115.0,145.0,-175.0
2026-09-12T17:58:11.930908-04:00,b6cfdcbafa61ce220ba87dc2d9b80c77,Indianapolis Colts,Baltimore Ravens,betus,3.0,100.0,48.0,-110.0,142.0,-165.0
2026-09-12T17:58:11.930908-04:00,b6cfdcbafa61ce220ba87dc2d9b80c77,Indianapolis Colts,Baltimore Ravens,lowvig,3.0,100.0,48.0,-102.0,145.0,-165.0
2026-09-12T17:58:11.930908-04:00,b6cfdcbafa61ce220ba87dc2d9b80c77,Indianapolis Colts,Baltimore Ravens,betrivers,3.5,-114.0,48.0,-108.0,143.0,-175.0
2026-09-12T17:58:11.930908-04:00,b6cfdcbafa61ce220ba87dc2d9b80c77,Indianapolis Colts,Baltimore Ravens,betonlineag,3.0,-105.0,48.0,-105.0,145.0,-165.0
2026-09-12T17:58:11.930908-04:00,b6cfdcbafa61ce220ba87dc2d9b80c77,Indianapolis Colts,Baltimore Ravens,fanduel,3.5,-120.0,47.5,-114.0,148.0,-176.0
2026-09-12T17:58:11.930908-04:00,b6cfdcbafa61ce220ba87dc2d9b80c77,Indianapolis Colts,Baltimore Ravens,betmgm,3.0,100.0,47.5,-110.0,145.0,-175.0
2026-09-12T17:58:11.930908-04:00,b6cfdcbafa61ce220ba87dc2d9b80c77,Indianapolis Colts,Baltimore Ravens,bovada,3.0,100.0,48.0,-105.0,150.0,-175.0
2026-09-12T17:58:11.930908-04:00,b6cfdcbafa61ce220ba87dc2d9b80c77,Indianapolis Colts,Baltimore Ravens,mybookieag,3.0,-110.0,48.0,-110.0,132.0,-162.0
2026-09-12T17:58:11.930908-04:00,7e09efed7e12c659b82740b67ce2f9a1,Houston Texans,Buffalo Bills,draftkings,1.5,-112.0,44.5,-110.0,-102.0,-118.0
2026-09-12T17:58:11.930908-04:00,7e09efed7e12c659b82740b67ce2f9a1,Houston Texans,Buffalo Bills,betus,1.0,-105.0,44.5,-110.0,105.0,-125.0
2026-09-12T17:58:11.930908-04:00,7e09efed7e12c659b82740b67ce2f9a1,Houston Texans,Buffalo Bills,lowvig,1.0,101.0,44.5,-107.0,105.0,-125.0
2026-09-12T17:58:11.930908-04:00,7e09efed7e12c659b82740b67ce2f9a1,Houston Texans,Buffalo Bills,betrivers,2.0,-113.0,44.5,-112.0,104.0,-125.0
2026-09-12T17:58:11.930908-04:00,7e09efed7e12c659b82740b67ce2f9a1,Houston Texans,Buffalo Bills,betonlineag,1.0,100.0,44.5,-110.0,105.0,-125.0
2026-09-12T17:58:11.930908-04:00,7e09efed7e12c659b82740b67ce2f9a1,Houston Texans,Buffalo Bills,fanduel,1.5,-115.0,44.5,-110.0,-104.0,-112.0
2026-09-12T17:58:11.930908-04:00,7e09efed7e12c659b82740b67ce2f9a1,Houston Texans,Buffalo Bills,betmgm,1.5,-110.0,44.5,-108.0,100.0,-120.0
2026-09-12T17:58:11.930908-04:00,7e09efed7e12c659b82740b67ce2f9a1,Houston Texans,Buffalo Bills,bovada,1.5,-110.0,44.5,-110.0,105.0,-125.0
2026-09-12T17:58:11.930908-04:00,7e09efed7e12c659b82740b67ce2f9a1,Houston Texans,Buffalo Bills,mybookieag,1.0,-110.0,44.5,-110.0,-101.0,-121.0
2026-09-12T17:58:11.930908-04:00,fc362aff0d889ec52d358307a70c32ed,Carolina Panthers,Chicago Bears,draftkings,3.0,-102.0,47.5,-110.0,140.0,-166.0
2026-09-12T17:58:11.930908-04:00,fc362aff0d889ec52d358307a70c32ed,Carolina Panthers,Chicago Bears,fanduel,3.0,-105.0,47.5,-102.0,150.0,-178.0
2026-09-12T17:58:11.930908-04:00,fc362aff0d889ec52d358307a70c32ed,Carolina Panthers,Chicago Bears,lowvig,3.0,-105.0,47.0,-107.0,149.0,-170.0
2026-09-12T17:58:11.930908-04:00,fc362aff0d889ec52d358307a70c32ed,Carolina Panthers,Chicago Bears,betus,3.0,-105.0,47.0,-110.0,146.0,-170.0
2026-09-12T17:58:11.930908-04:00,fc362aff0d889ec52d358307a70c32ed,Carolina Panthers,Chicago Bears,betonlineag,3.0,-105.0,47.0,-110.0,149.0,-170.0
2026-09-12T17:58:11.930908-04:00,fc362aff0d889ec52d358307a70c32ed,Carolina Panthers,Chicago Bears,betrivers,3.0,-107.0,47.0,-110.0,140.0,-175.0
2026-09-12T17:58:11.930908-04:00,fc362aff0d889ec52d358307a70c32ed,Carolina Panthers,Chicago Bears,betmgm,3.0,-102.0,47.0,-110.0,140.0,-165.0
2026-09-12T17:58:11.930908-04:00,fc362aff0d889ec52d358307a70c32ed,Carolina Panthers,Chicago Bears,bovada,3.0,-110.0,47.0,-110.0,145.0,-170.0
2026-09-12T17:58:11.930908-04:00,fc362aff0d889ec52d358307a70c32ed,Carolina Panthers,Chicago Bears,mybookieag,3.0,-110.0,47.0,-110.0,141.0,-174.0
2026-09-12T17:58:11.930908-04:00,ed6d24ff979f9c71979fead577b0b3f7,Cincinnati Bengals,Tampa Bay Buccaneers,draftkings,-3.5,-112.0,50.5,-108.0,-205.0,170.0
2026-09-12T17:58:11.930908-04:00,ed6d24ff979f9c71979fead577b0b3f7,Cincinnati Bengals,Tampa Bay Buccaneers,fanduel,-3.5,-118.0,50.5,-112.0,-210.0,176.0
2026-09-12T17:58:11.930908-04:00,ed6d24ff979f9c71979fead577b0b3f7,Cincinnati Bengals,Tampa Bay Buccaneers,lowvig,-3.5,-110.0,50.5,-102.0,-205.0,177.0
2026-09-12T17:58:11.930908-04:00,ed6d24ff979f9c71979fead577b0b3f7,Cincinnati Bengals,Tampa Bay Buccaneers,betus,-3.5,-115.0,50.5,-105.0,-205.0,175.0
2026-09-12T17:58:11.930908-04:00,ed6d24ff979f9c71979fead577b0b3f7,Cincinnati Bengals,Tampa Bay Buccaneers,betonlineag,-3.5,-115.0,50.5,-105.0,-205.0,177.0
2026-09-12T17:58:11.930908-04:00,ed6d24ff979f9c71979fead577b0b3f7,Cincinnati Bengals,Tampa Bay Buccaneers,betrivers,-4.0,-110.0,50.5,-109.0,-210.0,170.0
2026-09-12T17:58:11.930908-04:00,ed6d24ff979f9c71979fead577b0b3f7,Cincinnati Bengals,Tampa Bay Buccaneers,betmgm,-3.5,-110.0,50.5,-108.0,-210.0,175.0
2026-09-12T17:58:11.930908-04:00,ed6d24ff979f9c71979fead577b0b3f7,Cincinnati Bengals,Tampa Bay Buccaneers,bovada,-3.5,-115.0,50.0,-110.0,-210.0,175.0
2026-09-12T17:58:11.930908-04:00,ed6d24ff979f9c71979fead577b0b3f7,Cincinnati Bengals,Tampa Bay Buccaneers,mybookieag,-4.0,-110.0,50.5,-110.0,-210.0,168.0
2026-09-12T17:58:11.930908-04:00,e55c6fe19fce094ce214c8b0e5b504e9,Jacksonville Jaguars,Cleveland Browns,draftkings,-8.5,-112.0,39.5,-118.0,-455.0,350.0
2026-09-12T17:58:11.930908-04:00,e55c6fe19fce094ce214c8b0e5b504e9,Jacksonville Jaguars,Cleveland Browns,fanduel,-8.5,-112.0,40.5,-102.0,-460.0,360.0
2026-09-12T17:58:11.930908-04:00,e55c6fe19fce094ce214c8b0e5b504e9,Jacksonville Jaguars,Cleveland Browns,betus,-9.5,-105.0,40.0,-110.0,-400.0,320.0
2026-09-12T17:58:11.930908-04:00,e55c6fe19fce094ce214c8b0e5b504e9,Jacksonville Jaguars,Cleveland Browns,betrivers,-8.5,-109.0,40.5,-106.0,-420.0,320.0
2026-09-12T17:58:11.930908-04:00,e55c6fe19fce094ce214c8b0e5b504e9,Jacksonville Jaguars,Cleveland Browns,betonlineag,-9.5,-104.0,40.0,-112.0,-400.0,316.0
2026-09-12T17:58:11.930908-04:00,e55c6fe19fce094ce214c8b0e5b504e9,Jacksonville Jaguars,Cleveland Browns,lowvig,-9.5,101.0,40.0,-109.0,-400.0,316.0
2026-09-12T17:58:11.930908-04:00,e55c6fe19fce094ce214c8b0e5b504e9,Jacksonville Jaguars,Cleveland Browns,betmgm,-9.0,-110.0,40.0,-110.0,-450.0,333.0
2026-09-12T17:58:11.930908-04:00,e55c6fe19fce094ce214c8b0e5b504e9,Jacksonville Jaguars,Cleveland Browns,bovada,-9.0,-110.0,40.0,-110.0,-420.0,315.0
2026-09-12T17:58:11.930908-04:00,e55c6fe19fce094ce214c8b0e5b504e9,Jacksonville Jaguars,Cleveland Browns,mybookieag,-9.0,-110.0,40.0,-110.0,-481.0,350.0
2026-09-12T17:58:11.930908-04:00,c1d3fcec25aaeb06ebd2244d33d338e0,Detroit Lions,New Orleans Saints,draftkings,-7.0,-110.0,49.5,-112.0,-340.0,270.0
2026-09-12T17:58:11.930908-04:00,c1d3fcec25aaeb06ebd2244d33d338e0,Detroit Lions,New Orleans Saints,fanduel,-6.5,-122.0,49.5,-115.0,-335.0,270.0
2026-09-12T17:58:11.930908-04:00,c1d3fcec25aaeb06ebd2244d33d338e0,Detroit Lions,New Orleans Saints,lowvig,-7.0,-103.0,50.0,-107.0,-310.0,252.0
2026-09-12T17:58:11.930908-04:00,c1d3fcec25aaeb06ebd2244d33d338e0,Detroit Lions,New Orleans Saints,betonlineag,-7.0,-108.0,50.0,-110.0,-310.0,252.0
2026-09-12T17:58:11.930908-04:00,c1d3fcec25aaeb06ebd2244d33d338e0,Detroit Lions,New Orleans Saints,betus,-7.0,-110.0,50.0,-110.0,-310.0,255.0
2026-09-12T17:58:11.930908-04:00,c1d3fcec25aaeb06ebd2244d33d338e0,Detroit Lions,New Orleans Saints,betrivers,-7.0,-110.0,49.5,-113.0,-345.0,265.0
2026-09-12T17:58:11.930908-04:00,c1d3fcec25aaeb06ebd2244d33d338e0,Detroit Lions,New Orleans Saints,betmgm,-7.0,-110.0,50.0,-108.0,-325.0,260.0
2026-09-12T17:58:11.930908-04:00,c1d3fcec25aaeb06ebd2244d33d338e0,Detroit Lions,New Orleans Saints,bovada,-7.0,-110.0,50.0,-105.0,-330.0,265.0
2026-09-12T17:58:11.930908-04:00,c1d3fcec25aaeb06ebd2244d33d338e0,Detroit Lions,New Orleans Saints,mybookieag,-7.0,-110.0,50.0,-110.0,-330.0,255.0
2026-09-12T17:58:11.930908-04:00,7dddb296a42e7a41a774b24bd1709ce1,Tennessee Titans,New York Jets,draftkings,-1.5,-110.0,38.5,-112.0,-122.0,102.0
2026-09-12T17:58:11.930908-04:00,7dddb296a42e7a41a774b24bd1709ce1,Tennessee Titans,New York Jets,fanduel,-1.5,-108.0,38.5,-110.0,-118.0,100.0
2026-09-12T17:58:11.930908-04:00,7dddb296a42e7a41a774b24bd1709ce1,Tennessee Titans,New York Jets,lowvig,0.0,-112.0,38.5,-107.0,,
2026-09-12T17:58:11.930908-04:00,7dddb296a42e7a41a774b24bd1709ce1,Tennessee Titans,New York Jets,betus,0.0,-120.0,38.5,-110.0,,
2026-09-12T17:58:11.930908-04:00,7dddb296a42e7a41a774b24bd1709ce1,Tennessee Titans,New York Jets,betonlineag,0.0,-116.0,38.5,-110.0,,
2026-09-12T17:58:11.930908-04:00,7dddb296a42e7a41a774b24bd1709ce1,Tennessee Titans,New York Jets,betrivers,-1.5,-110.0,38.5,-110.0,-125.0,104.0
2026-09-12T17:58:11.930908-04:00,7dddb296a42e7a41a774b24bd1709ce1,Tennessee Titans,New York Jets,betmgm,-1.5,-108.0,38.5,-110.0,-120.0,100.0
2026-09-12T17:58:11.930908-04:00,7dddb296a42e7a41a774b24bd1709ce1,Tennessee Titans,New York Jets,bovada,-1.0,-110.0,39.0,-110.0,-115.0,-105.0
2026-09-12T17:58:11.930908-04:00,7dddb296a42e7a41a774b24bd1709ce1,Tennessee Titans,New York Jets,mybookieag,-1.0,-110.0,38.5,-110.0,-121.0,-101.0
2026-09-12T17:58:11.930908-04:00,1edfa5ceaa1ad2cb57df1c1b908731f6,Los Angeles Chargers,Arizona Cardinals,draftkings,-9.5,-115.0,47.5,-105.0,-520.0,390.0
2026-09-12T17:58:11.930908-04:00,1edfa5ceaa1ad2cb57df1c1b908731f6,Los Angeles Chargers,Arizona Cardinals,lowvig,-9.5,100.0,47.0,-113.0,-515.0,393.0
2026-09-12T17:58:11.930908-04:00,1edfa5ceaa1ad2cb57df1c1b908731f6,Los Angeles Chargers,Arizona Cardinals,betonlineag,-9.5,-105.0,47.0,-115.0,-515.0,393.0
2026-09-12T17:58:11.930908-04:00,1edfa5ceaa1ad2cb57df1c1b908731f6,Los Angeles Chargers,Arizona Cardinals,betus,-9.5,-105.0,47.5,-110.0,-515.0,400.0
2026-09-12T17:58:11.930908-04:00,1edfa5ceaa1ad2cb57df1c1b908731f6,Los Angeles Chargers,Arizona Cardinals,betrivers,-9.0,-112.0,47.0,-113.0,-480.0,350.0
2026-09-12T17:58:11.930908-04:00,1edfa5ceaa1ad2cb57df1c1b908731f6,Los Angeles Chargers,Arizona Cardinals,fanduel,-9.5,-105.0,47.5,-104.0,-490.0,380.0
2026-09-12T17:58:11.930908-04:00,1edfa5ceaa1ad2cb57df1c1b908731f6,Los Angeles Chargers,Arizona Cardinals,betmgm,-9.0,-110.0,47.5,-108.0,-500.0,380.0
2026-09-12T17:58:11.930908-04:00,1edfa5ceaa1ad2cb57df1c1b908731f6,Los Angeles Chargers,Arizona Cardinals,bovada,-9.0,-110.0,47.5,-110.0,-500.0,360.0
2026-09-12T17:58:11.930908-04:00,1edfa5ceaa1ad2cb57df1c1b908731f6,Los Angeles Chargers,Arizona Cardinals,mybookieag,-9.5,-110.0,47.5,-110.0,-505.0,356.0
2026-09-12T17:58:11.930908-04:00,cb77efed7e711d25a72c1a2a0a1af119,Minnesota Vikings,Green Bay Packers,draftkings,-2.5,-105.0,46.5,-108.0,-130.0,110.0
2026-09-12T17:58:11.930908-04:00,cb77efed7e711d25a72c1a2a0a1af119,Minnesota Vikings,Green Bay Packers,lowvig,-1.0,-121.0,46.0,-113.0,-132.0,112.0
2026-09-12T17:58:11.930908-04:00,cb77efed7e711d25a72c1a2a0a1af119,Minnesota Vikings,Green Bay Packers,betonlineag,-1.0,-125.0,46.0,-115.0,-132.0,112.0
2026-09-12T17:58:11.930908-04:00,cb77efed7e711d25a72c1a2a0a1af119,Minnesota Vikings,Green Bay Packers,betus,-1.0,-120.0,46.0,-115.0,-125.0,105.0
2026-09-12T17:58:11.930908-04:00,cb77efed7e711d25a72c1a2a0a1af119,Minnesota Vikings,Green Bay Packers,betrivers,-1.5,-113.0,46.0,-112.0,-127.0,105.0
2026-09-12T17:58:11.930908-04:00,cb77efed7e711d25a72c1a2a0a1af119,Minnesota Vikings,Green Bay Packers,fanduel,-1.5,-110.0,46.5,-108.0,-126.0,108.0
2026-09-12T17:58:11.930908-04:00,cb77efed7e711d25a72c1a2a0a1af119,Minnesota Vikings,Green Bay Packers,betmgm,-2.0,-110.0,46.5,-108.0,-135.0,110.0
2026-09-12T17:58:11.930908-04:00,cb77efed7e711d25a72c1a2a0a1af119,Minnesota Vikings,Green Bay Packers,bovada,-2.0,-110.0,46.0,-110.0,-130.0,110.0
2026-09-12T17:58:11.930908-04:00,cb77efed7e711d25a72c1a2a0a1af119,Minnesota Vikings,Green Bay Packers,mybookieag,-2.0,-110.0,46.5,-110.0,-127.0,104.0
2026-09-12T17:58:11.930908-04:00,c5d95f48a16849ab6bebc68fbbfcb74a,Las Vegas Raiders,Miami Dolphins,draftkings,-3.0,-112.0,40.5,-105.0,-170.0,142.0
2026-09-12T17:58:11.930908-04:00,c5d95f48a16849ab6bebc68fbbfcb74a,Las Vegas Raiders,Miami Dolphins,betus,-3.0,-115.0,40.0,-110.0,-165.0,142.0
2026-09-12T17:58:11.930908-04:00,c5d95f48a16849ab6bebc68fbbfcb74a,Las Vegas Raiders,Miami Dolphins,betrivers,-3.0,-114.0,40.5,-107.0,-159.0,130.0
2026-09-12T17:58:11.930908-04:00,c5d95f48a16849ab6bebc68fbbfcb74a,Las Vegas Raiders,Miami Dolphins,fanduel,-3.0,-112.0,39.5,-118.0,-164.0,138.0
2026-09-12T17:58:11.930908-04:00,c5d95f48a16849ab6bebc68fbbfcb74a,Las Vegas Raiders,Miami Dolphins,betonlineag,-3.0,-113.0,40.5,-110.0,-165.0,145.0
2026-09-12T17:58:11.930908-04:00,c5d95f48a16849ab6bebc68fbbfcb74a,Las Vegas Raiders,Miami Dolphins,lowvig,-3.0,-108.0,40.5,-107.0,-165.0,145.0
2026-09-12T17:58:11.930908-04:00,c5d95f48a16849ab6bebc68fbbfcb74a,Las Vegas Raiders,Miami Dolphins,betmgm,-3.0,-108.0,40.0,-118.0,-175.0,145.0
2026-09-12T17:58:11.930908-04:00,c5d95f48a16849ab6bebc68fbbfcb74a,Las Vegas Raiders,Miami Dolphins,bovada,-3.0,-115.0,40.0,-110.0,-165.0,140.0
2026-09-12T17:58:11.930908-04:00,c5d95f48a16849ab6bebc68fbbfcb74a,Las Vegas Raiders,Miami Dolphins,mybookieag,-3.0,-120.0,40.0,-110.0,-171.0,139.0
2026-09-12T17:58:11.930908-04:00,17885cb8dcade8f6c3bce14b2de805e8,Philadelphia Eagles,Washington Commanders,draftkings,-6.0,-108.0,44.5,-105.0,-250.0,205.0
2026-09-12T17:58:11.930908-04:00,17885cb8dcade8f6c3bce14b2de805e8,Philadelphia Eagles,Washington Commanders,fanduel,-5.5,-110.0,44.5,-105.0,-250.0,205.0
2026-09-12T17:58:11.930908-04:00,17885cb8dcade8f6c3bce14b2de805e8,Philadelphia Eagles,Washington Commanders,betus,-5.5,-110.0,44.0,-110.0,-245.0,205.0
2026-09-12T17:58:11.930908-04:00,17885cb8dcade8f6c3bce14b2de805e8,Philadelphia Eagles,Washington Commanders,betrivers,-5.5,-110.0,44.5,-106.0,-250.0,205.0
2026-09-12T17:58:11.930908-04:00,17885cb8dcade8f6c3bce14b2de805e8,Philadelphia Eagles,Washington Commanders,betonlineag,-5.0,-115.0,44.0,-110.0,-247.0,205.0
2026-09-12T17:58:11.930908-04:00,17885cb8dcade8f6c3bce14b2de805e8,Philadelphia Eagles,Washington Commanders,lowvig,-5.0,-110.0,44.0,-107.0,-247.0,205.0
2026-09-12T17:58:11.930908-04:00,17885cb8dcade8f6c3bce14b2de805e8,Philadelphia Eagles,Washington Commanders,betmgm,-5.5,-110.0,44.5,-105.0,-235.0,200.0
2026-09-12T17:58:11.930908-04:00,17885cb8dcade8f6c3bce14b2de805e8,Philadelphia Eagles,Washington Commanders,bovada,-5.5,-110.0,44.0,-110.0,-245.0,205.0
2026-09-12T17:58:11.930908-04:00,17885cb8dcade8f6c3bce14b2de805e8,Philadelphia Eagles,Washington Commanders,mybookieag,-5.5,-110.0,44.5,-110.0,-250.0,198.0
2026-09-12T17:58:11.930908-04:00,3e646c7479c57f5d9752d8c7dfe7059b,New York Giants,Dallas Cowboys,draftkings,3.0,-115.0,48.5,-105.0,136.0,-162.0
2026-09-12T17:58:11.930908-04:00,3e646c7479c57f5d9752d8c7dfe7059b,New York Giants,Dallas Cowboys,fanduel,3.0,-112.0,48.5,-105.0,134.0,-158.0
2026-09-12T17:58:11.930908-04:00,3e646c7479c57f5d9752d8c7dfe7059b,New York Giants,Dallas Cowboys,betonlineag,3.0,-113.0,48.0,-108.0,139.0,-159.0
2026-09-12T17:58:11.930908-04:00,3e646c7479c57f5d9752d8c7dfe7059b,New York Giants,Dallas Cowboys,betmgm,3.0,-110.0,48.0,-110.0,138.0,-165.0
2026-09-12T17:58:11.930908-04:00,3e646c7479c57f5d9752d8c7dfe7059b,New York Giants,Dallas Cowboys,lowvig,3.0,-108.0,48.0,-105.0,139.0,-159.0
2026-09-12T17:58:11.930908-04:00,3e646c7479c57f5d9752d8c7dfe7059b,New York Giants,Dallas Cowboys,betrivers,3.0,-118.0,48.0,-108.0,132.0,-157.0
2026-09-12T17:58:11.930908-04:00,3e646c7479c57f5d9752d8c7dfe7059b,New York Giants,Dallas Cowboys,bovada,3.0,-110.0,48.0,-110.0,145.0,-170.0
2026-09-12T17:58:11.930908-04:00,3e646c7479c57f5d9752d8c7dfe7059b,New York Giants,Dallas Cowboys,betus,3.0,-110.0,48.0,-110.0,134.0,-155.0
2026-09-12T17:58:11.930908-04:00,3e646c7479c57f5d9752d8c7dfe7059b,New York Giants,Dallas Cowboys,mybookieag,3.0,-120.0,48.0,-110.0,135.0,-167.0
2026-09-13T13:08:29.332052-04:00,1edfa5ceaa1ad2cb57df1c1b908731f6,Los Angeles Chargers,Arizona Cardinals,draftkings,-9.5,-110.0,47.5,-105.0,-500.0,380.0
2026-09-13T13:08:29.332052-04:00,1edfa5ceaa1ad2cb57df1c1b908731f6,Los Angeles Chargers,Arizona Cardinals,lowvig,-9.5,101.0,47.0,-109.0,-510.0,390.0
2026-09-13T13:08:29.332052-04:00,1edfa5ceaa1ad2cb57df1c1b908731f6,Los Angeles Chargers,Arizona Cardinals,betonlineag,-9.5,-105.0,47.0,-112.0,-510.0,390.0
2026-09-13T13:08:29.332052-04:00,1edfa5ceaa1ad2cb57df1c1b908731f6,Los Angeles Chargers,Arizona Cardinals,betus,-9.5,-105.0,47.0,-110.0,-510.0,395.0
2026-09-13T13:08:29.332052-04:00,1edfa5ceaa1ad2cb57df1c1b908731f6,Los Angeles Chargers,Arizona Cardinals,betrivers,-9.0,-112.0,47.0,-113.0,-500.0,360.0
2026-09-13T13:08:29.332052-04:00,1edfa5ceaa1ad2cb57df1c1b908731f6,Los Angeles Chargers,Arizona Cardinals,fanduel,-8.5,-115.0,47.5,-104.0,-500.0,385.0
2026-09-13T13:08:29.332052-04:00,1edfa5ceaa1ad2cb57df1c1b908731f6,Los Angeles Chargers,Arizona Cardinals,betmgm,-8.5,-108.0,47.5,-108.0,-500.0,380.0
2026-09-13T13:08:29.332052-04:00,1edfa5ceaa1ad2cb57df1c1b908731f6,Los Angeles Chargers,Arizona Cardinals,bovada,-9.5,-110.0,47.0,-115.0,-510.0,370.0
2026-09-13T13:08:29.332052-04:00,1edfa5ceaa1ad2cb57df1c1b908731f6,Los Angeles Chargers,Arizona Cardinals,mybookieag,-9.5,-110.0,47.0,-110.0,-526.0,370.0
2026-09-13T13:08:29.332052-04:00,cb77efed7e711d25a72c1a2a0a1af119,Minnesota Vikings,Green Bay Packers,draftkings,-1.5,-118.0,46.5,-105.0,-130.0,110.0
2026-09-13T13:08:29.332052-04:00,cb77efed7e711d25a72c1a2a0a1af119,Minnesota Vikings,Green Bay Packers,lowvig,-1.0,-120.0,46.0,-107.0,-133.0,113.0
2026-09-13T13:08:29.332052-04:00,cb77efed7e711d25a72c1a2a0a1af119,Minnesota Vikings,Green Bay Packers,betonlineag,-2.0,-108.0,46.0,-110.0,-133.0,113.0
2026-09-13T13:08:29.332052-04:00,cb77efed7e711d25a72c1a2a0a1af119,Minnesota Vikings,Green Bay Packers,betus,-1.0,-120.0,46.0,-110.0,-132.0,112.0
2026-09-13T13:08:29.332052-04:00,cb77efed7e711d25a72c1a2a0a1af119,Minnesota Vikings,Green Bay Packers,betrivers,-2.0,-108.0,46.0,-113.0,-127.0,105.0
2026-09-13T13:08:29.332052-04:00,cb77efed7e711d25a72c1a2a0a1af119,Minnesota Vikings,Green Bay Packers,fanduel,-1.5,-118.0,46.5,-104.0,-134.0,114.0
2026-09-13T13:08:29.332052-04:00,cb77efed7e711d25a72c1a2a0a1af119,Minnesota Vikings,Green Bay Packers,betmgm,-2.0,-108.0,46.0,-108.0,-130.0,110.0
2026-09-13T13:08:29.332052-04:00,cb77efed7e711d25a72c1a2a0a1af119,Minnesota Vikings,Green Bay Packers,bovada,-2.0,-110.0,45.5,-110.0,-130.0,110.0
2026-09-13T13:08:29.332052-04:00,cb77efed7e711d25a72c1a2a0a1af119,Minnesota Vikings,Green Bay Packers,mybookieag,-1.5,-110.0,46.0,-110.0,-134.0,109.0
2026-09-13T13:08:29.332052-04:00,c5d95f48a16849ab6bebc68fbbfcb74a,Las Vegas Raiders,Miami Dolphins,draftkings,-3.0,-110.0,40.5,-110.0,-170.0,142.0
2026-09-13T13:08:29.332052-04:00,c5d95f48a16849ab6bebc68fbbfcb74a,Las Vegas Raiders,Miami Dolphins,betus,-3.0,-115.0,40.0,-110.0,-160.0,138.0
2026-09-13T13:08:29.332052-04:00,c5d95f48a16849ab6bebc68fbbfcb74a,Las Vegas Raiders,Miami Dolphins,betrivers,-3.0,-113.0,40.5,-107.0,-159.0,130.0
2026-09-13T13:08:29.332052-04:00,c5d95f48a16849ab6bebc68fbbfcb74a,Las Vegas Raiders,Miami Dolphins,fanduel,-3.0,-112.0,40.5,-105.0,-164.0,138.0
2026-09-13T13:08:29.332052-04:00,c5d95f48a16849ab6bebc68fbbfcb74a,Las Vegas Raiders,Miami Dolphins,betonlineag,-3.0,-110.0,40.5,-105.0,-166.0,146.0
2026-09-13T13:08:29.332052-04:00,c5d95f48a16849ab6bebc68fbbfcb74a,Las Vegas Raiders,Miami Dolphins,lowvig,-3.0,-101.0,40.5,-102.0,-166.0,146.0
2026-09-13T13:08:29.332052-04:00,c5d95f48a16849ab6bebc68fbbfcb74a,Las Vegas Raiders,Miami Dolphins,betmgm,-3.0,-110.0,40.5,-110.0,-165.0,140.0
2026-09-13T13:08:29.332052-04:00,c5d95f48a16849ab6bebc68fbbfcb74a,Las Vegas Raiders,Miami Dolphins,bovada,-3.0,-105.0,40.5,100.0,-160.0,135.0
2026-09-13T13:08:29.332052-04:00,c5d95f48a16849ab6bebc68fbbfcb74a,Las Vegas Raiders,Miami Dolphins,mybookieag,-3.0,-115.0,40.0,-110.0,-166.0,135.0
2026-09-13T13:08:29.332052-04:00,17885cb8dcade8f6c3bce14b2de805e8,Philadelphia Eagles,Washington Commanders,draftkings,-6.0,-112.0,44.5,-105.0,-265.0,215.0
2026-09-13T13:08:29.332052-04:00,17885cb8dcade8f6c3bce14b2de805e8,Philadelphia Eagles,Washington Commanders,fanduel,-5.5,-115.0,44.5,-105.0,-270.0,220.0
2026-09-13T13:08:29.332052-04:00,17885cb8dcade8f6c3bce14b2de805e8,Philadelphia Eagles,Washington Commanders,betus,-6.0,-110.0,44.0,-110.0,-265.0,223.0
2026-09-13T13:08:29.332052-04:00,17885cb8dcade8f6c3bce14b2de805e8,Philadelphia Eagles,Washington Commanders,betrivers,-6.0,-107.0,44.0,-113.0,-265.0,210.0
2026-09-13T13:08:29.332052-04:00,17885cb8dcade8f6c3bce14b2de805e8,Philadelphia Eagles,Washington Commanders,betonlineag,-6.0,-112.0,44.0,-110.0,-270.0,222.0
2026-09-13T13:08:29.332052-04:00,17885cb8dcade8f6c3bce14b2de805e8,Philadelphia Eagles,Washington Commanders,lowvig,-6.0,-107.0,44.0,-107.0,-270.0,222.0
2026-09-13T13:08:29.332052-04:00,17885cb8dcade8f6c3bce14b2de805e8,Philadelphia Eagles,Washington Commanders,betmgm,-6.0,-110.0,44.0,-110.0,-275.0,220.0
2026-09-13T13:08:29.332052-04:00,17885cb8dcade8f6c3bce14b2de805e8,Philadelphia Eagles,Washington Commanders,bovada,-6.0,-110.0,44.0,-110.0,-270.0,220.0
2026-09-13T13:08:29.332052-04:00,17885cb8dcade8f6c3bce14b2de805e8,Philadelphia Eagles,Washington Commanders,mybookieag,-5.5,-110.0,44.5,-110.0,-260.0,206.0
2026-09-13T13:08:29.332052-04:00,3e646c7479c57f5d9752d8c7dfe7059b,New York Giants,Dallas Cowboys,draftkings,3.0,-108.0,47.5,-118.0,140.0,-166.0
2026-09-13T13:08:29.332052-04:00,3e646c7479c57f5d9752d8c7dfe7059b,New York Giants,Dallas Cowboys,fanduel,3.0,-108.0,47.5,-112.0,138.0,-164.0
2026-09-13T13:08:29.332052-04:00,3e646c7479c57f5d9752d8c7dfe7059b,New York Giants,Dallas Cowboys,betonlineag,3.0,-108.0,47.5,-108.0,148.0,-168.0
2026-09-13T13:08:29.332052-04:00,3e646c7479c57f5d9752d8c7dfe7059b,New York Giants,Dallas Cowboys,betmgm,3.0,-105.0,47.5,-110.0,140.0,-165.0
2026-09-13T13:08:29.332052-04:00,3e646c7479c57f5d9752d8c7dfe7059b,New York Giants,Dallas Cowboys,lowvig,3.0,-102.0,47.5,-105.0,148.0,-168.0
2026-09-13T13:08:29.332052-04:00,3e646c7479c57f5d9752d8c7dfe7059b,New York Giants,Dallas Cowboys,betrivers,3.0,-114.0,48.0,-109.0,138.0,-167.0
2026-09-13T13:08:29.332052-04:00,3e646c7479c57f5d9752d8c7dfe7059b,New York Giants,Dallas Cowboys,bovada,3.0,100.0,47.0,-115.0,150.0,-175.0
2026-09-13T13:08:29.332052-04:00,3e646c7479c57f5d9752d8c7dfe7059b,New York Giants,Dallas Cowboys,betus,3.0,-105.0,47.5,-110.0,146.0,-170.0
2026-09-13T13:08:29.332052-04:00,3e646c7479c57f5d9752d8c7dfe7059b,New York Giants,Dallas Cowboys,mybookieag,3.0,-115.0,47.5,-110.0,139.0,-172.0
2026-09-13T13:08:29.332052-04:00,5ad8135dc2b5f27de0b777acd317855a,Kansas City Chiefs,Denver Broncos,draftkings,-2.5,-110.0,43.5,-108.0,-135.0,114.0
2026-09-13T13:08:29.332052-04:00,5ad8135dc2b5f27de0b777acd317855a,Kansas City Chiefs,Denver Broncos,fanduel,-2.5,-105.0,43.5,-112.0,-132.0,112.0
2026-09-13T13:08:29.332052-04:00,5ad8135dc2b5f27de0b777acd317855a,Kansas City Chiefs,Denver Broncos,lowvig,-2.5,-104.0,43.5,-107.0,-135.0,115.0
2026-09-13T13:08:29.332052-04:00,5ad8135dc2b5f27de0b777acd317855a,Kansas City Chiefs,Denver Broncos,betonlineag,-1.0,-127.0,43.5,-110.0,-135.0,115.0
2026-09-13T13:08:29.332052-04:00,5ad8135dc2b5f27de0b777acd317855a,Kansas City Chiefs,Denver Broncos,betmgm,-2.5,-108.0,43.5,-108.0,-130.0,110.0
2026-09-13T13:08:29.332052-04:00,5ad8135dc2b5f27de0b777acd317855a,Kansas City Chiefs,Denver Broncos,bovada,-2.5,-110.0,43.5,-105.0,-140.0,120.0
2026-09-13T13:08:29.332052-04:00,5ad8135dc2b5f27de0b777acd317855a,Kansas City Chiefs,Denver Broncos,betus,-1.0,-120.0,43.5,-110.0,-130.0,110.0
2026-09-13T13:08:29.332052-04:00,5ad8135dc2b5f27de0b777acd317855a,Kansas City Chiefs,Denver Broncos,betrivers,-2.5,-118.0,43.5,-108.0,-148.0,120.0
2026-09-13T13:08:29.332052-04:00,5ad8135dc2b5f27de0b777acd317855a,Kansas City Chiefs,Denver Broncos,mybookieag,-2.5,-110.0,43.5,-110.0,-137.0,112.0
2026-09-13T18:10:23.115491-04:00,3e646c7479c57f5d9752d8c7dfe7059b,New York Giants,Dallas Cowboys,draftkings,3.0,-108.0,47.5,-115.0,140.0,-166.0
2026-09-13T18:10:23.115491-04:00,3e646c7479c57f5d9752d8c7dfe7059b,New York Giants,Dallas Cowboys,fanduel,3.0,-105.0,47.5,-112.0,142.0,-168.0
2026-09-13T18:10:23.115491-04:00,3e646c7479c57f5d9752d8c7dfe7059b,New York Giants,Dallas Cowboys,betonlineag,3.0,-108.0,47.5,-110.0,149.0,-170.0
2026-09-13T18:10:23.115491-04:00,3e646c7479c57f5d9752d8c7dfe7059b,New York Giants,Dallas Cowboys,betmgm,3.0,-102.0,47.5,-110.0,145.0,-175.0
2026-09-13T18:10:23.115491-04:00,3e646c7479c57f5d9752d8c7dfe7059b,New York Giants,Dallas Cowboys,lowvig,3.0,100.0,47.5,-107.0,149.0,-170.0
2026-09-13T18:10:23.115491-04:00,3e646c7479c57f5d9752d8c7dfe7059b,New York Giants,Dallas Cowboys,betrivers,3.0,-109.0,48.0,-109.0,138.0,-167.0
2026-09-13T18:10:23.115491-04:00,3e646c7479c57f5d9752d8c7dfe7059b,New York Giants,Dallas Cowboys,bovada,3.0,-105.0,47.5,-110.0,150.0,-175.0
2026-09-13T18:10:23.115491-04:00,3e646c7479c57f5d9752d8c7dfe7059b,New York Giants,Dallas Cowboys,betus,3.0,-105.0,47.5,-110.0,146.0,-170.0
2026-09-13T18:10:23.115491-04:00,3e646c7479c57f5d9752d8c7dfe7059b,New York Giants,Dallas Cowboys,mybookieag,3.0,-110.0,47.5,-110.0,139.0,-172.0
2026-09-13T18:10:23.115491-04:00,5ad8135dc2b5f27de0b777acd317855a,Kansas City Chiefs,Denver Broncos,draftkings,-2.5,-110.0,43.5,-108.0,-135.0,114.0
2026-09-13T18:10:23.115491-04:00,5ad8135dc2b5f27de0b777acd317855a,Kansas City Chiefs,Denver Broncos,fanduel,-2.5,-105.0,43.5,-112.0,-132.0,112.0
2026-09-13T18:10:23.115491-04:00,5ad8135dc2b5f27de0b777acd317855a,Kansas City Chiefs,Denver Broncos,lowvig,-2.5,-104.0,43.5,-107.0,-135.0,115.0
2026-09-13T18:10:23.115491-04:00,5ad8135dc2b5f27de0b777acd317855a,Kansas City Chiefs,Denver Broncos,betonlineag,-1.0,-127.0,43.5,-110.0,-135.0,115.0
2026-09-13T18:10:23.115491-04:00,5ad8135dc2b5f27de0b777acd317855a,Kansas City Chiefs,Denver Broncos,betmgm,-2.5,-110.0,43.5,-110.0,-135.0,110.0
2026-09-13T18:10:23.115491-04:00,5ad8135dc2b5f27de0b777acd317855a,Kansas City Chiefs,Denver Broncos,bovada,-2.5,-110.0,43.5,-105.0,-140.0,120.0
2026-09-13T18:10:23.115491-04:00,5ad8135dc2b5f27de0b777acd317855a,Kansas City Chiefs,Denver Broncos,betus,-1.0,-120.0,43.5,-110.0,-130.0,110.0
2026-09-13T18:10:23.115491-04:00,5ad8135dc2b5f27de0b777acd317855a,Kansas City Chiefs,Denver Broncos,betrivers,-2.5,-118.0,43.5,-108.0,-148.0,120.0
2026-09-13T18:10:23.115491-04:00,5ad8135dc2b5f27de0b777acd317855a,Kansas City Chiefs,Denver Broncos,mybookieag,-2.5,-110.0,43.5,-110.0,-137.0,112.0
2026-09-14T10:34:58.182344-04:00,5ad8135dc2b5f27de0b777acd317855a,Kansas City Chiefs,Denver Broncos,draftkings,-2.5,-108.0,43.5,-108.0,-130.0,110.0
2026-09-14T10:34:58.182344-04:00,5ad8135dc2b5f27de0b777acd317855a,Kansas City Chiefs,Denver Broncos,fanduel,-2.5,-105.0,43.5,-112.0,-134.0,114.0
2026-09-14T10:34:58.182344-04:00,5ad8135dc2b5f27de0b777acd317855a,Kansas City Chiefs,Denver Broncos,lowvig,-2.0,-109.0,43.5,-107.0,-135.0,115.0
2026-09-14T10:34:58.182344-04:00,5ad8135dc2b5f27de0b777acd317855a,Kansas City Chiefs,Denver Broncos,betonlineag,-2.0,-115.0,43.5,-110.0,-135.0,115.0
2026-09-14T10:34:58.182344-04:00,5ad8135dc2b5f27de0b777acd317855a,Kansas City Chiefs,Denver Broncos,betmgm,-2.5,-108.0,43.5,-110.0,-130.0,110.0
2026-09-14T10:34:58.182344-04:00,5ad8135dc2b5f27de0b777acd317855a,Kansas City Chiefs,Denver Broncos,bovada,-2.0,-115.0,43.5,-105.0,-135.0,115.0
2026-09-14T10:34:58.182344-04:00,5ad8135dc2b5f27de0b777acd317855a,Kansas City Chiefs,Denver Broncos,betus,-1.0,-120.0,43.5,-110.0,-135.0,115.0
2026-09-14T10:34:58.182344-04:00,5ad8135dc2b5f27de0b777acd317855a,Kansas City Chiefs,Denver Broncos,betrivers,-2.5,-109.0,43.0,-114.0,-134.0,110.0
2026-09-14T10:34:58.182344-04:00,5ad8135dc2b5f27de0b777acd317855a,Kansas City Chiefs,Denver Broncos,mybookieag,-2.5,-110.0,43.5,-110.0,-136.0,111.0
2026-09-14T14:57:29.543603-04:00,5ad8135dc2b5f27de0b777acd317855a,Kansas City Chiefs,Denver Broncos,draftkings,-2.5,-108.0,43.5,-108.0,-135.0,114.0
2026-09-14T14:57:29.543603-04:00,5ad8135dc2b5f27de0b777acd317855a,Kansas City Chiefs,Denver Broncos,fanduel,-2.5,-105.0,43.5,-105.0,-134.0,114.0
2026-09-14T14:57:29.543603-04:00,5ad8135dc2b5f27de0b777acd317855a,Kansas City Chiefs,Denver Broncos,lowvig,-2.0,-104.0,43.0,-107.0,-132.0,112.0
2026-09-14T14:57:29.543603-04:00,5ad8135dc2b5f27de0b777acd317855a,Kansas City Chiefs,Denver Broncos,betonlineag,-2.0,-110.0,43.0,-110.0,-135.0,115.0
2026-09-14T14:57:29.543603-04:00,5ad8135dc2b5f27de0b777acd317855a,Kansas City Chiefs,Denver Broncos,betmgm,-2.0,-110.0,43.0,-110.0,-135.0,110.0
2026-09-14T14:57:29.543603-04:00,5ad8135dc2b5f27de0b777acd317855a,Kansas City Chiefs,Denver Broncos,bovada,-2.0,-110.0,43.0,-110.0,-130.0,110.0
2026-09-14T14:57:29.543603-04:00,5ad8135dc2b5f27de0b777acd317855a,Kansas City Chiefs,Denver Broncos,betus,-1.0,-120.0,43.0,-110.0,-135.0,115.0
2026-09-14T14:57:29.543603-04:00,5ad8135dc2b5f27de0b777acd317855a,Kansas City Chiefs,Denver Broncos,betrivers,-2.0,-112.0,43.0,-114.0,-132.0,108.0
2026-09-14T14:57:29.543603-04:00,5ad8135dc2b5f27de0b777acd317855a,Kansas City Chiefs,Denver Broncos,mybookieag,-2.0,-110.0,43.0,-110.0,-133.0,109.0
2026-09-14T18:59:02.652168-04:00,5ad8135dc2b5f27de0b777acd317855a,Kansas City Chiefs,Denver Broncos,draftkings,-2.5,-108.0,42.5,-110.0,-130.0,110.0
2026-09-14T18:59:02.652168-04:00,5ad8135dc2b5f27de0b777acd317855a,Kansas City Chiefs,Denver Broncos,fanduel,-2.5,-105.0,43.5,-102.0,-136.0,116.0
2026-09-14T18:59:02.652168-04:00,5ad8135dc2b5f27de0b777acd317855a,Kansas City Chiefs,Denver Broncos,lowvig,-1.5,-108.0,43.0,-107.0,-130.0,110.0
2026-09-14T18:59:02.652168-04:00,5ad8135dc2b5f27de0b777acd317855a,Kansas City Chiefs,Denver Broncos,betonlineag,-1.5,-113.0,43.0,-110.0,-130.0,110.0
2026-09-14T18:59:02.652168-04:00,5ad8135dc2b5f27de0b777acd317855a,Kansas City Chiefs,Denver Broncos,betmgm,-2.0,-105.0,43.0,-108.0,-130.0,110.0
2026-09-14T18:59:02.652168-04:00,5ad8135dc2b5f27de0b777acd317855a,Kansas City Chiefs,Denver Broncos,bovada,-2.0,-105.0,42.5,-110.0,-130.0,110.0
2026-09-14T18:59:02.652168-04:00,5ad8135dc2b5f27de0b777acd317855a,Kansas City Chiefs,Denver Broncos,betus,-1.0,-120.0,42.5,-110.0,-130.0,110.0
2026-09-14T18:59:02.652168-04:00,5ad8135dc2b5f27de0b777acd317855a,Kansas City Chiefs,Denver Broncos,betrivers,-2.0,-112.0,42.5,-114.0,-130.0,107.0
2026-09-14T18:59:02.652168-04:00,5ad8135dc2b5f27de0b777acd317855a,Kansas City Chiefs,Denver Broncos,mybookieag,-2.0,-110.0,42.5,-110.0,-128.0,105.0
2026-09-17T13:51:55.580455-04:00,56e8897681915f7ec92baeee952bb1ae,Buffalo Bills,Detroit Lions,draftkings,-5.5,-110.0,54.5,-120.0,-250.0,205.0
2026-09-17T13:51:55.580455-04:00,56e8897681915f7ec92baeee952bb1ae,Buffalo Bills,Detroit Lions,fanduel,-5.5,-112.0,54.5,-114.0,-255.0,210.0
2026-09-17T13:51:55.580455-04:00,56e8897681915f7ec92baeee952bb1ae,Buffalo Bills,Detroit Lions,betonlineag,-5.5,-110.0,55.0,-110.0,-245.0,203.0
2026-09-17T13:51:55.580455-04:00,56e8897681915f7ec92baeee952bb1ae,Buffalo Bills,Detroit Lions,betmgm,-5.5,-105.0,55.0,-110.0,-250.0,210.0
2026-09-17T13:51:55.580455-04:00,56e8897681915f7ec92baeee952bb1ae,Buffalo Bills,Detroit Lions,lowvig,-5.5,-105.0,55.0,-105.0,-245.0,203.0
2026-09-17T13:51:55.580455-04:00,56e8897681915f7ec92baeee952bb1ae,Buffalo Bills,Detroit Lions,bovada,-5.5,-110.0,55.0,-120.0,-240.0,200.0
2026-09-17T13:51:55.580455-04:00,56e8897681915f7ec92baeee952bb1ae,Buffalo Bills,Detroit Lions,betrivers,-5.5,-108.0,54.5,-114.0,-240.0,190.0
2026-09-17T13:51:55.580455-04:00,56e8897681915f7ec92baeee952bb1ae,Buffalo Bills,Detroit Lions,betus,-5.5,-110.0,55.0,-110.0,-245.0,205.0
2026-09-17T18:42:43.365551-04:00,56e8897681915f7ec92baeee952bb1ae,Buffalo Bills,Detroit Lions,draftkings,-5.5,-110.0,54.5,-120.0,-245.0,200.0
2026-09-17T18:42:43.365551-04:00,56e8897681915f7ec92baeee952bb1ae,Buffalo Bills,Detroit Lions,fanduel,-5.5,-110.0,54.5,-110.0,-255.0,210.0
2026-09-17T18:42:43.365551-04:00,56e8897681915f7ec92baeee952bb1ae,Buffalo Bills,Detroit Lions,betonlineag,-5.5,-110.0,54.5,-110.0,-255.0,211.0
2026-09-17T18:42:43.365551-04:00,56e8897681915f7ec92baeee952bb1ae,Buffalo Bills,Detroit Lions,betmgm,-5.5,-105.0,55.0,-105.0,-250.0,210.0
2026-09-17T18:42:43.365551-04:00,56e8897681915f7ec92baeee952bb1ae,Buffalo Bills,Detroit Lions,lowvig,-5.5,-105.0,54.5,-107.0,-255.0,211.0
2026-09-17T18:42:43.365551-04:00,56e8897681915f7ec92baeee952bb1ae,Buffalo Bills,Detroit Lions,bovada,-5.5,-110.0,55.0,-110.0,-250.0,210.0
2026-09-17T18:42:43.365551-04:00,56e8897681915f7ec92baeee952bb1ae,Buffalo Bills,Detroit Lions,betrivers,-5.5,-110.0,54.5,-114.0,-245.0,190.0
2026-09-17T18:42:43.365551-04:00,56e8897681915f7ec92baeee952bb1ae,Buffalo Bills,Detroit Lions,betus,-5.5,-110.0,54.5,-110.0,-245.0,205.0
2026-09-19T12:54:54.416285-04:00,aee7eae1849ebb103b9bf233e9741392,Atlanta Falcons,Carolina Panthers,draftkings,2.5,100.0,43.5,-110.0,130.0,-155.0
2026-09-19T12:54:54.416285-04:00,aee7eae1849ebb103b9bf233e9741392,Atlanta Falcons,Carolina Panthers,betus,2.0,100.0,43.5,-110.0,129.0,-150.0
2026-09-19T12:54:54.416285-04:00,aee7eae1849ebb103b9bf233e9741392,Atlanta Falcons,Carolina Panthers,mybookieag,2.5,100.0,43.5,-110.0,125.0,-153.0
2026-09-19T12:54:54.416285-04:00,aee7eae1849ebb103b9bf233e9741392,Atlanta Falcons,Carolina Panthers,lowvig,2.5,105.0,43.5,-107.0,130.0,-150.0
2026-09-19T12:54:54.416285-04:00,aee7eae1849ebb103b9bf233e9741392,Atlanta Falcons,Carolina Panthers,betonlineag,2.5,100.0,43.5,-110.0,130.0,-150.0
2026-09-19T12:54:54.416285-04:00,aee7eae1849ebb103b9bf233e9741392,Atlanta Falcons,Carolina Panthers,fanduel,2.5,-105.0,43.5,-110.0,126.0,-148.0
2026-09-19T12:54:54.416285-04:00,aee7eae1849ebb103b9bf233e9741392,Atlanta Falcons,Carolina Panthers,betrivers,2.5,-104.0,43.5,-110.0,120.0,-143.0
2026-09-19T12:54:54.416285-04:00,aee7eae1849ebb103b9bf233e9741392,Atlanta Falcons,Carolina Panthers,betmgm,2.5,-105.0,43.5,-108.0,125.0,-150.0
2026-09-19T12:54:54.416285-04:00,aee7eae1849ebb103b9bf233e9741392,Atlanta Falcons,Carolina Panthers,bovada,,,43.5,-110.0,130.0,-150.0
2026-09-19T12:54:54.416285-04:00,2143ade9684fd876b68a4e8cbf451f05,Baltimore Ravens,New Orleans Saints,draftkings,-8.5,-108.0,46.5,102.0,-395.0,310.0
2026-09-19T12:54:54.416285-04:00,2143ade9684fd876b68a4e8cbf451f05,Baltimore Ravens,New Orleans Saints,betus,-9.0,100.0,46.0,-110.0,-410.0,325.0
2026-09-19T12:54:54.416285-04:00,2143ade9684fd876b68a4e8cbf451f05,Baltimore Ravens,New Orleans Saints,mybookieag,-8.5,-110.0,46.0,-110.0,-420.0,310.0
2026-09-19T12:54:54.416285-04:00,2143ade9684fd876b68a4e8cbf451f05,Baltimore Ravens,New Orleans Saints,lowvig,-9.0,106.0,46.0,-107.0,-410.0,324.0
2026-09-19T12:54:54.416285-04:00,2143ade9684fd876b68a4e8cbf451f05,Baltimore Ravens,New Orleans Saints,betonlineag,-9.0,101.0,46.0,-110.0,-410.0,324.0
2026-09-19T12:54:54.416285-04:00,2143ade9684fd876b68a4e8cbf451f05,Baltimore Ravens,New Orleans Saints,fanduel,-8.5,-105.0,46.5,-104.0,-430.0,340.0
2026-09-19T12:54:54.416285-04:00,2143ade9684fd876b68a4e8cbf451f05,Baltimore Ravens,New Orleans Saints,betrivers,-8.5,-107.0,46.0,-112.0,-435.0,325.0
2026-09-19T12:54:54.416285-04:00,2143ade9684fd876b68a4e8cbf451f05,Baltimore Ravens,New Orleans Saints,betmgm,-8.0,-112.0,46.0,-108.0,-425.0,320.0
2026-09-19T12:54:54.416285-04:00,2143ade9684fd876b68a4e8cbf451f05,Baltimore Ravens,New Orleans Saints,bovada,-8.0,-110.0,46.0,-110.0,-435.0,325.0
2026-09-19T12:54:54.416285-04:00,0283a29e1b38ef78b29b904fd56a16dd,Chicago Bears,Minnesota Vikings,draftkings,-4.5,-118.0,47.5,-112.0,-218.0,180.0
2026-09-19T12:54:54.416285-04:00,0283a29e1b38ef78b29b904fd56a16dd,Chicago Bears,Minnesota Vikings,mybookieag,-4.5,-110.0,48.0,-110.0,-222.0,178.0
2026-09-19T12:54:54.416285-04:00,0283a29e1b38ef78b29b904fd56a16dd,Chicago Bears,Minnesota Vikings,lowvig,-4.5,-103.0,48.0,-110.0,-215.0,183.0
2026-09-19T12:54:54.416285-04:00,0283a29e1b38ef78b29b904fd56a16dd,Chicago Bears,Minnesota Vikings,betonlineag,-4.5,-110.0,48.0,-113.0,-215.0,183.0
2026-09-19T12:54:54.416285-04:00,0283a29e1b38ef78b29b904fd56a16dd,Chicago Bears,Minnesota Vikings,betus,-4.5,-110.0,48.0,-110.0,-215.0,183.0
2026-09-19T12:54:54.416285-04:00,0283a29e1b38ef78b29b904fd56a16dd,Chicago Bears,Minnesota Vikings,fanduel,-4.5,-110.0,47.5,-120.0,-220.0,184.0
2026-09-19T12:54:54.416285-04:00,0283a29e1b38ef78b29b904fd56a16dd,Chicago Bears,Minnesota Vikings,betrivers,-4.5,-113.0,48.5,-108.0,-230.0,185.0
2026-09-19T12:54:54.416285-04:00,0283a29e1b38ef78b29b904fd56a16dd,Chicago Bears,Minnesota Vikings,betmgm,-4.5,-110.0,47.5,-110.0,-220.0,180.0
2026-09-19T12:54:54.416285-04:00,0283a29e1b38ef78b29b904fd56a16dd,Chicago Bears,Minnesota Vikings,bovada,,,,,-225.0,185.0
2026-09-19T12:54:54.416285-04:00,36ad2fa722f4915ef23d2c81351261de,Houston Texans,Cincinnati Bengals,draftkings,-2.5,-118.0,45.5,-110.0,-135.0,114.0
2026-09-19T12:54:54.416285-04:00,36ad2fa722f4915ef23d2c81351261de,Houston Texans,Cincinnati Bengals,betus,-2.0,-120.0,45.5,-110.0,-150.0,129.0
2026-09-19T12:54:54.416285-04:00,36ad2fa722f4915ef23d2c81351261de,Houston Texans,Cincinnati Bengals,mybookieag,-3.0,100.0,45.5,-110.0,-148.0,120.0
2026-09-19T12:54:54.416285-04:00,36ad2fa722f4915ef23d2c81351261de,Houston Texans,Cincinnati Bengals,lowvig,-2.5,-110.0,45.5,-105.0,-150.0,130.0
2026-09-19T12:54:54.416285-04:00,36ad2fa722f4915ef23d2c81351261de,Houston Texans,Cincinnati Bengals,betonlineag,-2.5,-115.0,45.5,-108.0,-150.0,130.0
2026-09-19T12:54:54.416285-04:00,36ad2fa722f4915ef23d2c81351261de,Houston Texans,Cincinnati Bengals,fanduel,-2.5,-105.0,45.5,-114.0,-134.0,114.0
2026-09-19T12:54:54.416285-04:00,36ad2fa722f4915ef23d2c81351261de,Houston Texans,Cincinnati Bengals,betrivers,-2.5,-114.0,46.0,-110.0,-148.0,120.0
2026-09-19T12:54:54.416285-04:00,36ad2fa722f4915ef23d2c81351261de,Houston Texans,Cincinnati Bengals,betmgm,-2.5,-112.0,45.5,-110.0,-145.0,120.0
2026-09-19T12:54:54.416285-04:00,36ad2fa722f4915ef23d2c81351261de,Houston Texans,Cincinnati Bengals,bovada,-2.5,-120.0,45.5,-115.0,-150.0,130.0
2026-09-19T12:54:54.416285-04:00,0636ebff776d43f8c829a36713c80b22,Tampa Bay Buccaneers,Cleveland Browns,draftkings,-8.5,-108.0,41.5,-110.0,-455.0,350.0
2026-09-19T12:54:54.416285-04:00,0636ebff776d43f8c829a36713c80b22,Tampa Bay Buccaneers,Cleveland Browns,betus,-9.0,100.0,41.5,-110.0,-420.0,330.0
2026-09-19T12:54:54.416285-04:00,0636ebff776d43f8c829a36713c80b22,Tampa Bay Buccaneers,Cleveland Browns,mybookieag,-8.5,-110.0,41.5,-110.0,-429.0,320.0
2026-09-19T12:54:54.416285-04:00,0636ebff776d43f8c829a36713c80b22,Tampa Bay Buccaneers,Cleveland Browns,lowvig,-9.0,108.0,41.5,-107.0,-420.0,330.0
2026-09-19T12:54:54.416285-04:00,0636ebff776d43f8c829a36713c80b22,Tampa Bay Buccaneers,Cleveland Browns,betonlineag,-9.0,103.0,41.5,-110.0,-420.0,330.0
2026-09-19T12:54:54.416285-04:00,0636ebff776d43f8c829a36713c80b22,Tampa Bay Buccaneers,Cleveland Browns,fanduel,-8.5,100.0,41.5,-102.0,-450.0,350.0
2026-09-19T12:54:54.416285-04:00,0636ebff776d43f8c829a36713c80b22,Tampa Bay Buccaneers,Cleveland Browns,betrivers,-8.0,-112.0,41.5,-109.0,-455.0,330.0
2026-09-19T12:54:54.416285-04:00,0636ebff776d43f8c829a36713c80b22,Tampa Bay Buccaneers,Cleveland Browns,betmgm,-9.0,-112.0,41.5,-108.0,-450.0,350.0
2026-09-19T12:54:54.416285-04:00,0636ebff776d43f8c829a36713c80b22,Tampa Bay Buccaneers,Cleveland Browns,bovada,-8.0,-110.0,41.5,-105.0,-435.0,325.0
2026-09-19T12:54:54.416285-04:00,4aeee070bb6ec60bdfae4dede61b9014,New York Jets,Green Bay Packers,draftkings,3.5,-105.0,44.5,-110.0,164.0,-198.0
2026-09-19T12:54:54.416285-04:00,4aeee070bb6ec60bdfae4dede61b9014,New York Jets,Green Bay Packers,mybookieag,3.5,-120.0,44.5,-110.0,151.0,-187.0
2026-09-19T12:54:54.416285-04:00,4aeee070bb6ec60bdfae4dede61b9014,New York Jets,Green Bay Packers,lowvig,3.0,-102.0,44.5,-107.0,151.0,-172.0
2026-09-19T12:54:54.416285-04:00,4aeee070bb6ec60bdfae4dede61b9014,New York Jets,Green Bay Packers,betonlineag,3.0,-107.0,44.5,-110.0,151.0,-172.0
2026-09-19T12:54:54.416285-04:00,4aeee070bb6ec60bdfae4dede61b9014,New York Jets,Green Bay Packers,betus,3.0,-105.0,44.5,-110.0,146.0,-170.0
2026-09-19T12:54:54.416285-04:00,4aeee070bb6ec60bdfae4dede61b9014,New York Jets,Green Bay Packers,fanduel,3.5,-108.0,44.5,-110.0,160.0,-190.0
2026-09-19T12:54:54.416285-04:00,4aeee070bb6ec60bdfae4dede61b9014,New York Jets,Green Bay Packers,betrivers,3.5,-118.0,44.5,-113.0,160.0,-195.0
2026-09-19T12:54:54.416285-04:00,4aeee070bb6ec60bdfae4dede61b9014,New York Jets,Green Bay Packers,betmgm,3.5,-115.0,44.5,-110.0,150.0,-185.0
2026-09-19T12:54:54.416285-04:00,4aeee070bb6ec60bdfae4dede61b9014,New York Jets,Green Bay Packers,bovada,3.0,-110.0,44.5,-110.0,145.0,-170.0
2026-09-19T12:54:54.416285-04:00,9d14f87600f6edc74dbcb5c74edf6246,New England Patriots,Pittsburgh Steelers,draftkings,-5.5,-108.0,41.5,-108.0,-225.0,185.0
2026-09-19T12:54:54.416285-04:00,9d14f87600f6edc74dbcb5c74edf6246,New England Patriots,Pittsburgh Steelers,betus,-5.0,-110.0,41.5,-110.0,-235.0,200.0
2026-09-19T12:54:54.416285-04:00,9d14f87600f6edc74dbcb5c74edf6246,New England Patriots,Pittsburgh Steelers,mybookieag,-5.0,-110.0,41.5,-110.0,-242.0,192.0
2026-09-19T12:54:54.416285-04:00,9d14f87600f6edc74dbcb5c74edf6246,New England Patriots,Pittsburgh Steelers,lowvig,-5.0,-105.0,41.5,-107.0,-245.0,203.0
2026-09-19T12:54:54.416285-04:00,9d14f87600f6edc74dbcb5c74edf6246,New England Patriots,Pittsburgh Steelers,betonlineag,-5.0,-110.0,41.5,-110.0,-245.0,203.0
2026-09-19T12:54:54.416285-04:00,9d14f87600f6edc74dbcb5c74edf6246,New England Patriots,Pittsburgh Steelers,fanduel,-4.5,-120.0,41.5,-110.0,-250.0,205.0
2026-09-19T12:54:54.416285-04:00,9d14f87600f6edc74dbcb5c74edf6246,New England Patriots,Pittsburgh Steelers,betrivers,-5.5,-112.0,41.5,-109.0,-240.0,195.0
2026-09-19T12:54:54.416285-04:00,9d14f87600f6edc74dbcb5c74edf6246,New England Patriots,Pittsburgh Steelers,betmgm,-5.0,-110.0,41.5,-108.0,-235.0,195.0
2026-09-19T12:54:54.416285-04:00,9d14f87600f6edc74dbcb5c74edf6246,New England Patriots,Pittsburgh Steelers,bovada,-5.0,-110.0,41.5,-110.0,-245.0,205.0
2026-09-19T12:54:54.416285-04:00,fafc649c455e32a0f2ba1bd06e2039bc,Tennessee Titans,Philadelphia Eagles,draftkings,7.0,-108.0,39.5,-110.0,260.0,-325.0
2026-09-19T12:54:54.416285-04:00,fafc649c455e32a0f2ba1bd06e2039bc,Tennessee Titans,Philadelphia Eagles,betus,7.5,-115.0,39.0,-110.0,275.0,-340.0
2026-09-19T12:54:54.416285-04:00,fafc649c455e32a0f2ba1bd06e2039bc,Tennessee Titans,Philadelphia Eagles,mybookieag,7.0,-110.0,39.5,-110.0,265.0,-350.0
2026-09-19T12:54:54.416285-04:00,fafc649c455e32a0f2ba1bd06e2039bc,Tennessee Titans,Philadelphia Eagles,lowvig,7.5,-114.0,39.0,-107.0,274.0,-340.0
2026-09-19T12:54:54.416285-04:00,fafc649c455e32a0f2ba1bd06e2039bc,Tennessee Titans,Philadelphia Eagles,betonlineag,7.5,-115.0,39.0,-110.0,274.0,-340.0
2026-09-19T12:54:54.416285-04:00,fafc649c455e32a0f2ba1bd06e2039bc,Tennessee Titans,Philadelphia Eagles,fanduel,7.0,-110.0,39.5,-110.0,280.0,-350.0
2026-09-19T12:54:54.416285-04:00,fafc649c455e32a0f2ba1bd06e2039bc,Tennessee Titans,Philadelphia Eagles,betrivers,7.0,-110.0,39.5,-112.0,265.0,-345.0
2026-09-19T12:54:54.416285-04:00,fafc649c455e32a0f2ba1bd06e2039bc,Tennessee Titans,Philadelphia Eagles,betmgm,7.0,-105.0,39.5,-108.0,270.0,-325.0
2026-09-19T12:54:54.416285-04:00,fafc649c455e32a0f2ba1bd06e2039bc,Tennessee Titans,Philadelphia Eagles,bovada,7.0,-110.0,39.5,-115.0,265.0,-330.0
2026-09-19T12:54:54.416285-04:00,1fd6628c781f556a7a19638e97d7107f,Denver Broncos,Jacksonville Jaguars,draftkings,-2.5,-118.0,45.5,-108.0,-148.0,124.0
2026-09-19T12:54:54.416285-04:00,1fd6628c781f556a7a19638e97d7107f,Denver Broncos,Jacksonville Jaguars,betus,-2.0,-120.0,45.5,-110.0,-155.0,134.0
2026-09-19T12:54:54.416285-04:00,1fd6628c781f556a7a19638e97d7107f,Denver Broncos,Jacksonville Jaguars,mybookieag,-2.5,-115.0,45.5,-110.0,-155.0,126.0
2026-09-19T12:54:54.416285-04:00,1fd6628c781f556a7a19638e97d7107f,Denver Broncos,Jacksonville Jaguars,lowvig,-2.5,-116.0,45.5,-107.0,-153.0,133.0
2026-09-19T12:54:54.416285-04:00,1fd6628c781f556a7a19638e97d7107f,Denver Broncos,Jacksonville Jaguars,betonlineag,-2.5,-119.0,45.5,-110.0,-153.0,133.0
2026-09-19T12:54:54.416285-04:00,1fd6628c781f556a7a19638e97d7107f,Denver Broncos,Jacksonville Jaguars,fanduel,-2.5,-120.0,45.5,-105.0,-148.0,126.0
2026-09-19T12:54:54.416285-04:00,1fd6628c781f556a7a19638e97d7107f,Denver Broncos,Jacksonville Jaguars,betrivers,-3.0,-105.0,45.0,-110.0,-155.0,130.0
2026-09-19T12:54:54.416285-04:00,1fd6628c781f556a7a19638e97d7107f,Denver Broncos,Jacksonville Jaguars,betmgm,-2.5,-125.0,45.5,-108.0,-150.0,125.0
2026-09-19T12:54:54.416285-04:00,1fd6628c781f556a7a19638e97d7107f,Denver Broncos,Jacksonville Jaguars,bovada,-3.0,100.0,45.5,-110.0,-160.0,135.0
2026-09-19T12:54:54.416285-04:00,71b3b83747589efdc5baef2c5cf811bf,Los Angeles Chargers,Las Vegas Raiders,draftkings,-6.5,-118.0,43.5,-110.0,-305.0,245.0
2026-09-19T12:54:54.416285-04:00,71b3b83747589efdc5baef2c5cf811bf,Los Angeles Chargers,Las Vegas Raiders,betus,-7.0,100.0,43.5,-110.0,-295.0,245.0
2026-09-19T12:54:54.416285-04:00,71b3b83747589efdc5baef2c5cf811bf,Los Angeles Chargers,Las Vegas Raiders,mybookieag,-6.5,-110.0,43.5,-110.0,-310.0,240.0
2026-09-19T12:54:54.416285-04:00,71b3b83747589efdc5baef2c5cf811bf,Los Angeles Chargers,Las Vegas Raiders,lowvig,-6.5,-108.0,43.5,-105.0,-297.0,243.0
2026-09-19T12:54:54.416285-04:00,71b3b83747589efdc5baef2c5cf811bf,Los Angeles Chargers,Las Vegas Raiders,betonlineag,-6.5,-115.0,43.5,-108.0,-297.0,243.0
2026-09-19T12:54:54.416285-04:00,71b3b83747589efdc5baef2c5cf811bf,Los Angeles Chargers,Las Vegas Raiders,fanduel,-6.5,-115.0,43.5,-110.0,-300.0,245.0
2026-09-19T12:54:54.416285-04:00,71b3b83747589efdc5baef2c5cf811bf,Los Angeles Chargers,Las Vegas Raiders,betrivers,-6.5,-115.0,43.5,-112.0,-315.0,245.0
2026-09-19T12:54:54.416285-04:00,71b3b83747589efdc5baef2c5cf811bf,Los Angeles Chargers,Las Vegas Raiders,betmgm,-6.5,-115.0,43.5,-108.0,-295.0,240.0
2026-09-19T12:54:54.416285-04:00,71b3b83747589efdc5baef2c5cf811bf,Los Angeles Chargers,Las Vegas Raiders,bovada,-6.5,-115.0,43.5,-110.0,-310.0,255.0
2026-09-19T12:54:54.416285-04:00,4dd8020192a544385db42374e5555303,Arizona Cardinals,Seattle Seahawks,draftkings,3.5,100.0,40.5,-115.0,170.0,-205.0
2026-09-19T12:54:54.416285-04:00,4dd8020192a544385db42374e5555303,Arizona Cardinals,Seattle Seahawks,betus,4.0,-115.0,41.0,-110.0,170.0,-200.0
2026-09-19T12:54:54.416285-04:00,4dd8020192a544385db42374e5555303,Arizona Cardinals,Seattle Seahawks,mybookieag,4.0,-110.0,41.0,-110.0,172.0,-216.0
2026-09-19T12:54:54.416285-04:00,4dd8020192a544385db42374e5555303,Arizona Cardinals,Seattle Seahawks,lowvig,4.0,-113.0,40.5,-110.0,174.0,-200.0
2026-09-19T12:54:54.416285-04:00,4dd8020192a544385db42374e5555303,Arizona Cardinals,Seattle Seahawks,betonlineag,4.0,-117.0,40.5,-113.0,174.0,-200.0
2026-09-19T12:54:54.416285-04:00,4dd8020192a544385db42374e5555303,Arizona Cardinals,Seattle Seahawks,fanduel,4.5,-120.0,41.5,-102.0,176.0,-210.0
2026-09-19T12:54:54.416285-04:00,4dd8020192a544385db42374e5555303,Arizona Cardinals,Seattle Seahawks,betrivers,4.0,-113.0,41.0,-110.0,175.0,-215.0
2026-09-19T12:54:54.416285-04:00,4dd8020192a544385db42374e5555303,Arizona Cardinals,Seattle Seahawks,betmgm,4.0,-112.0,41.0,-110.0,175.0,-210.0
2026-09-19T12:54:54.416285-04:00,4dd8020192a544385db42374e5555303,Arizona Cardinals,Seattle Seahawks,bovada,3.5,-110.0,41.0,-110.0,165.0,-195.0
2026-09-19T12:54:54.416285-04:00,85ef85098ddd22fe4ecf45e7e3c0a9c0,Dallas Cowboys,Washington Commanders,draftkings,-3.5,-120.0,50.5,-115.0,-218.0,180.0
2026-09-19T12:54:54.416285-04:00,85ef85098ddd22fe4ecf45e7e3c0a9c0,Dallas Cowboys,Washington Commanders,betus,-4.0,-110.0,50.5,-105.0,-210.0,180.0
2026-09-19T12:54:54.416285-04:00,85ef85098ddd22fe4ecf45e7e3c0a9c0,Dallas Cowboys,Washington Commanders,mybookieag,-4.5,-110.0,50.5,-110.0,-214.0,171.0
2026-09-19T12:54:54.416285-04:00,85ef85098ddd22fe4ecf45e7e3c0a9c0,Dallas Cowboys,Washington Commanders,lowvig,-4.0,-105.0,50.5,-104.0,-205.0,177.0
2026-09-19T12:54:54.416285-04:00,85ef85098ddd22fe4ecf45e7e3c0a9c0,Dallas Cowboys,Washington Commanders,betonlineag,-4.0,-110.0,50.5,-107.0,-205.0,177.0
2026-09-19T12:54:54.416285-04:00,85ef85098ddd22fe4ecf45e7e3c0a9c0,Dallas Cowboys,Washington Commanders,fanduel,-4.5,-102.0,50.5,-110.0,-205.0,172.0
2026-09-19T12:54:54.416285-04:00,85ef85098ddd22fe4ecf45e7e3c0a9c0,Dallas Cowboys,Washington Commanders,betrivers,-4.5,-107.0,51.0,-107.0,-215.0,170.0
2026-09-19T12:54:54.416285-04:00,85ef85098ddd22fe4ecf45e7e3c0a9c0,Dallas Cowboys,Washington Commanders,betmgm,-4.0,-110.0,50.5,-110.0,-210.0,175.0
2026-09-19T12:54:54.416285-04:00,85ef85098ddd22fe4ecf45e7e3c0a9c0,Dallas Cowboys,Washington Commanders,bovada,-4.0,-110.0,50.5,-115.0,-210.0,175.0
2026-09-19T12:54:54.416285-04:00,68bc55903f50af4af4766adcc89fcc61,San Francisco 49ers,Miami Dolphins,draftkings,-13.5,-105.0,44.5,-115.0,-950.0,625.0
2026-09-19T12:54:54.416285-04:00,68bc55903f50af4af4766adcc89fcc61,San Francisco 49ers,Miami Dolphins,betus,-13.0,-115.0,45.0,-105.0,-1050.0,680.0
2026-09-19T12:54:54.416285-04:00,68bc55903f50af4af4766adcc89fcc61,San Francisco 49ers,Miami Dolphins,mybookieag,-13.5,-110.0,45.0,-110.0,-1122.0,658.0
2026-09-19T12:54:54.416285-04:00,68bc55903f50af4af4766adcc89fcc61,San Francisco 49ers,Miami Dolphins,lowvig,-13.0,-105.0,45.0,-102.0,-1050.0,686.0
2026-09-19T12:54:54.416285-04:00,68bc55903f50af4af4766adcc89fcc61,San Francisco 49ers,Miami Dolphins,betonlineag,-13.0,-115.0,45.0,-105.0,-1050.0,686.0
2026-09-19T12:54:54.416285-04:00,68bc55903f50af4af4766adcc89fcc61,San Francisco 49ers,Miami Dolphins,fanduel,-13.5,-105.0,45.5,-102.0,-950.0,640.0
2026-09-19T12:54:54.416285-04:00,68bc55903f50af4af4766adcc89fcc61,San Francisco 49ers,Miami Dolphins,betrivers,-13.5,-112.0,45.0,-110.0,-1000.0,600.0
2026-09-19T12:54:54.416285-04:00,68bc55903f50af4af4766adcc89fcc61,San Francisco 49ers,Miami Dolphins,betmgm,-13.5,-110.0,44.5,-118.0,-900.0,650.0
2026-09-19T12:54:54.416285-04:00,68bc55903f50af4af4766adcc89fcc61,San Francisco 49ers,Miami Dolphins,bovada,-13.0,-110.0,45.0,-110.0,-1100.0,650.0
2026-09-19T12:54:54.416285-04:00,50bc247030707d823b9c3581d7eb5760,Kansas City Chiefs,Indianapolis Colts,draftkings,-6.0,-112.0,46.5,-105.0,-285.0,230.0
2026-09-19T12:54:54.416285-04:00,50bc247030707d823b9c3581d7eb5760,Kansas City Chiefs,Indianapolis Colts,betus,-6.5,-110.0,46.5,-105.0,-290.0,240.0
2026-09-19T12:54:54.416285-04:00,50bc247030707d823b9c3581d7eb5760,Kansas City Chiefs,Indianapolis Colts,betonlineag,-6.5,-110.0,46.5,-105.0,-300.0,245.0
2026-09-19T12:54:54.416285-04:00,50bc247030707d823b9c3581d7eb5760,Kansas City Chiefs,Indianapolis Colts,lowvig,-6.5,-105.0,46.5,-102.0,-300.0,245.0
2026-09-19T12:54:54.416285-04:00,50bc247030707d823b9c3581d7eb5760,Kansas City Chiefs,Indianapolis Colts,fanduel,-6.5,-112.0,46.5,-110.0,-320.0,260.0
2026-09-19T12:54:54.416285-04:00,50bc247030707d823b9c3581d7eb5760,Kansas City Chiefs,Indianapolis Colts,betrivers,-6.0,-115.0,46.5,-109.0,-335.0,260.0
2026-09-19T12:54:54.416285-04:00,50bc247030707d823b9c3581d7eb5760,Kansas City Chiefs,Indianapolis Colts,mybookieag,-6.5,-110.0,46.0,-110.0,-288.0,229.0
2026-09-19T12:54:54.416285-04:00,50bc247030707d823b9c3581d7eb5760,Kansas City Chiefs,Indianapolis Colts,betmgm,,,46.5,-108.0,-295.0,240.0
2026-09-19T12:54:54.416285-04:00,50bc247030707d823b9c3581d7eb5760,Kansas City Chiefs,Indianapolis Colts,bovada,-6.0,-110.0,46.5,105.0,-275.0,225.0
2026-09-19T18:11:09.560619-04:00,aee7eae1849ebb103b9bf233e9741392,Atlanta Falcons,Carolina Panthers,draftkings,2.5,100.0,43.5,-110.0,130.0,-155.0
2026-09-19T18:11:09.560619-04:00,aee7eae1849ebb103b9bf233e9741392,Atlanta Falcons,Carolina Panthers,betus,2.0,100.0,43.5,-110.0,129.0,-150.0
2026-09-19T18:11:09.560619-04:00,aee7eae1849ebb103b9bf233e9741392,Atlanta Falcons,Carolina Panthers,mybookieag,2.5,100.0,43.5,-110.0,125.0,-153.0
2026-09-19T18:11:09.560619-04:00,aee7eae1849ebb103b9bf233e9741392,Atlanta Falcons,Carolina Panthers,lowvig,2.5,105.0,43.5,-107.0,130.0,-150.0
2026-09-19T18:11:09.560619-04:00,aee7eae1849ebb103b9bf233e9741392,Atlanta Falcons,Carolina Panthers,betonlineag,2.5,100.0,43.5,-110.0,130.0,-150.0
2026-09-19T18:11:09.560619-04:00,aee7eae1849ebb103b9bf233e9741392,Atlanta Falcons,Carolina Panthers,fanduel,2.5,-105.0,43.5,-110.0,122.0,-144.0
2026-09-19T18:11:09.560619-04:00,aee7eae1849ebb103b9bf233e9741392,Atlanta Falcons,Carolina Panthers,betrivers,3.0,-115.0,43.5,-109.0,120.0,-143.0
2026-09-19T18:11:09.560619-04:00,aee7eae1849ebb103b9bf233e9741392,Atlanta Falcons,Carolina Panthers,betmgm,2.5,-102.0,43.5,-110.0,125.0,-150.0
2026-09-19T18:11:09.560619-04:00,aee7eae1849ebb103b9bf233e9741392,Atlanta Falcons,Carolina Panthers,bovada,3.0,-120.0,43.5,-110.0,130.0,-150.0
2026-09-19T18:11:09.560619-04:00,2143ade9684fd876b68a4e8cbf451f05,Baltimore Ravens,New Orleans Saints,draftkings,-8.5,-108.0,46.5,102.0,-395.0,310.0
2026-09-19T18:11:09.560619-04:00,2143ade9684fd876b68a4e8cbf451f05,Baltimore Ravens,New Orleans Saints,betus,-9.0,100.0,46.0,-110.0,-410.0,325.0
2026-09-19T18:11:09.560619-04:00,2143ade9684fd876b68a4e8cbf451f05,Baltimore Ravens,New Orleans Saints,mybookieag,-8.5,-110.0,46.0,-110.0,-420.0,310.0
2026-09-19T18:11:09.560619-04:00,2143ade9684fd876b68a4e8cbf451f05,Baltimore Ravens,New Orleans Saints,lowvig,-9.0,106.0,46.0,-107.0,-410.0,324.0
2026-09-19T18:11:09.560619-04:00,2143ade9684fd876b68a4e8cbf451f05,Baltimore Ravens,New Orleans Saints,betonlineag,-9.0,101.0,46.0,-110.0,-410.0,324.0
2026-09-19T18:11:09.560619-04:00,2143ade9684fd876b68a4e8cbf451f05,Baltimore Ravens,New Orleans Saints,fanduel,-8.5,-105.0,46.5,-104.0,-430.0,340.0
2026-09-19T18:11:09.560619-04:00,2143ade9684fd876b68a4e8cbf451f05,Baltimore Ravens,New Orleans Saints,betrivers,-8.5,-107.0,46.0,-112.0,-435.0,325.0
2026-09-19T18:11:09.560619-04:00,2143ade9684fd876b68a4e8cbf451f05,Baltimore Ravens,New Orleans Saints,betmgm,-8.5,-105.0,46.5,-110.0,-425.0,320.0
2026-09-19T18:11:09.560619-04:00,2143ade9684fd876b68a4e8cbf451f05,Baltimore Ravens,New Orleans Saints,bovada,-8.0,-110.0,46.0,-110.0,-435.0,325.0
2026-09-19T18:11:09.560619-04:00,0283a29e1b38ef78b29b904fd56a16dd,Chicago Bears,Minnesota Vikings,draftkings,-4.5,-118.0,47.5,-118.0,-218.0,180.0
2026-09-19T18:11:09.560619-04:00,0283a29e1b38ef78b29b904fd56a16dd,Chicago Bears,Minnesota Vikings,mybookieag,-4.5,-110.0,48.0,-110.0,-224.0,180.0
2026-09-19T18:11:09.560619-04:00,0283a29e1b38ef78b29b904fd56a16dd,Chicago Bears,Minnesota Vikings,lowvig,-4.5,-103.0,48.0,-110.0,-215.0,183.0
2026-09-19T18:11:09.560619-04:00,0283a29e1b38ef78b29b904fd56a16dd,Chicago Bears,Minnesota Vikings,betonlineag,-4.5,-110.0,48.0,-113.0,-215.0,183.0
2026-09-19T18:11:09.560619-04:00,0283a29e1b38ef78b29b904fd56a16dd,Chicago Bears,Minnesota Vikings,betus,-4.5,-110.0,47.5,-110.0,-215.0,183.0
2026-09-19T18:11:09.560619-04:00,0283a29e1b38ef78b29b904fd56a16dd,Chicago Bears,Minnesota Vikings,fanduel,-4.5,-110.0,47.5,-120.0,-220.0,184.0
2026-09-19T18:11:09.560619-04:00,0283a29e1b38ef78b29b904fd56a16dd,Chicago Bears,Minnesota Vikings,betrivers,-4.5,-113.0,48.5,-108.0,-230.0,185.0
2026-09-19T18:11:09.560619-04:00,0283a29e1b38ef78b29b904fd56a16dd,Chicago Bears,Minnesota Vikings,betmgm,-4.5,-110.0,48.0,-110.0,-220.0,180.0
2026-09-19T18:11:09.560619-04:00,0283a29e1b38ef78b29b904fd56a16dd,Chicago Bears,Minnesota Vikings,bovada,-4.5,-110.0,48.0,-110.0,-225.0,185.0
2026-09-19T18:11:09.560619-04:00,36ad2fa722f4915ef23d2c81351261de,Houston Texans,Cincinnati Bengals,draftkings,-2.5,-118.0,45.5,-110.0,-142.0,120.0
2026-09-19T18:11:09.560619-04:00,36ad2fa722f4915ef23d2c81351261de,Houston Texans,Cincinnati Bengals,betus,-2.0,-120.0,45.5,-110.0,-145.0,125.0
2026-09-19T18:11:09.560619-04:00,36ad2fa722f4915ef23d2c81351261de,Houston Texans,Cincinnati Bengals,mybookieag,-3.0,100.0,45.5,-110.0,-148.0,121.0
2026-09-19T18:11:09.560619-04:00,36ad2fa722f4915ef23d2c81351261de,Houston Texans,Cincinnati Bengals,lowvig,-2.5,-113.0,45.5,-105.0,-145.0,125.0
2026-09-19T18:11:09.560619-04:00,36ad2fa722f4915ef23d2c81351261de,Houston Texans,Cincinnati Bengals,betonlineag,-2.5,-117.0,45.5,-108.0,-145.0,125.0
2026-09-19T18:11:09.560619-04:00,36ad2fa722f4915ef23d2c81351261de,Houston Texans,Cincinnati Bengals,fanduel,-2.5,-106.0,45.5,-114.0,-138.0,118.0
2026-09-19T18:11:09.560619-04:00,36ad2fa722f4915ef23d2c81351261de,Houston Texans,Cincinnati Bengals,betrivers,-2.5,-114.0,46.0,-110.0,-148.0,120.0
2026-09-19T18:11:09.560619-04:00,36ad2fa722f4915ef23d2c81351261de,Houston Texans,Cincinnati Bengals,betmgm,-2.5,-112.0,45.5,-110.0,-145.0,120.0
2026-09-19T18:11:09.560619-04:00,36ad2fa722f4915ef23d2c81351261de,Houston Texans,Cincinnati Bengals,bovada,-3.0,100.0,45.5,-105.0,-160.0,135.0
2026-09-19T18:11:09.560619-04:00,0636ebff776d43f8c829a36713c80b22,Tampa Bay Buccaneers,Cleveland Browns,draftkings,-8.5,-108.0,41.5,-110.0,-470.0,360.0
2026-09-19T18:11:09.560619-04:00,0636ebff776d43f8c829a36713c80b22,Tampa Bay Buccaneers,Cleveland Browns,betus,-9.0,100.0,41.5,-110.0,-435.0,340.0
2026-09-19T18:11:09.560619-04:00,0636ebff776d43f8c829a36713c80b22,Tampa Bay Buccaneers,Cleveland Browns,mybookieag,-8.5,-110.0,41.5,-110.0,-429.0,320.0
2026-09-19T18:11:09.560619-04:00,0636ebff776d43f8c829a36713c80b22,Tampa Bay Buccaneers,Cleveland Browns,lowvig,-9.0,108.0,41.5,-107.0,-435.0,340.0
2026-09-19T18:11:09.560619-04:00,0636ebff776d43f8c829a36713c80b22,Tampa Bay Buccaneers,Cleveland Browns,betonlineag,-9.0,103.0,41.5,-110.0,-435.0,340.0
2026-09-19T18:11:09.560619-04:00,0636ebff776d43f8c829a36713c80b22,Tampa Bay Buccaneers,Cleveland Browns,fanduel,-8.5,100.0,41.5,-102.0,-450.0,350.0
2026-09-19T18:11:09.560619-04:00,0636ebff776d43f8c829a36713c80b22,Tampa Bay Buccaneers,Cleveland Browns,betrivers,-8.0,-112.0,41.5,-109.0,-455.0,330.0
2026-09-19T18:11:09.560619-04:00,0636ebff776d43f8c829a36713c80b22,Tampa Bay Buccaneers,Cleveland Browns,betmgm,-9.0,-112.0,41.5,-108.0,-450.0,350.0
2026-09-19T18:11:09.560619-04:00,0636ebff776d43f8c829a36713c80b22,Tampa Bay Buccaneers,Cleveland Browns,bovada,-8.0,-110.0,41.5,-105.0,-435.0,325.0
2026-09-19T18:11:09.560619-04:00,4aeee070bb6ec60bdfae4dede61b9014,New York Jets,Green Bay Packers,draftkings,3.5,-110.0,44.5,-110.0,154.0,-185.0
2026-09-19T18:11:09.560619-04:00,4aeee070bb6ec60bdfae4dede61b9014,New York Jets,Green Bay Packers,mybookieag,3.5,-120.0,44.5,-110.0,151.0,-187.0
2026-09-19T18:11:09.560619-04:00,4aeee070bb6ec60bdfae4dede61b9014,New York Jets,Green Bay Packers,lowvig,3.0,-102.0,44.5,-107.0,151.0,-172.0
2026-09-19T18:11:09.560619-04:00,4aeee070bb6ec60bdfae4dede61b9014,New York Jets,Green Bay Packers,betonlineag,3.0,-107.0,44.5,-110.0,151.0,-172.0
2026-09-19T18:11:09.560619-04:00,4aeee070bb6ec60bdfae4dede61b9014,New York Jets,Green Bay Packers,betus,3.0,-105.0,44.5,-110.0,146.0,-170.0
2026-09-19T18:11:09.560619-04:00,4aeee070bb6ec60bdfae4dede61b9014,New York Jets,Green Bay Packers,fanduel,3.5,-108.0,44.5,-110.0,160.0,-190.0
2026-09-19T18:11:09.560619-04:00,4aeee070bb6ec60bdfae4dede61b9014,New York Jets,Green Bay Packers,betrivers,3.5,-118.0,44.5,-113.0,160.0,-195.0
2026-09-19T18:11:09.560619-04:00,4aeee070bb6ec60bdfae4dede61b9014,New York Jets,Green Bay Packers,betmgm,3.5,-118.0,44.5,-108.0,150.0,-185.0
2026-09-19T18:11:09.560619-04:00,4aeee070bb6ec60bdfae4dede61b9014,New York Jets,Green Bay Packers,bovada,3.0,-110.0,44.5,-110.0,145.0,-170.0
2026-09-19T18:11:09.560619-04:00,9d14f87600f6edc74dbcb5c74edf6246,New England Patriots,Pittsburgh Steelers,draftkings,-5.5,-108.0,41.5,-108.0,-225.0,185.0
2026-09-19T18:11:09.560619-04:00,9d14f87600f6edc74dbcb5c74edf6246,New England Patriots,Pittsburgh Steelers,betus,-5.0,-110.0,41.5,-110.0,-240.0,203.0
2026-09-19T18:11:09.560619-04:00,9d14f87600f6edc74dbcb5c74edf6246,New England Patriots,Pittsburgh Steelers,mybookieag,-5.0,-110.0,41.5,-110.0,-242.0,192.0
2026-09-19T18:11:09.560619-04:00,9d14f87600f6edc74dbcb5c74edf6246,New England Patriots,Pittsburgh Steelers,lowvig,-5.0,-105.0,41.5,-107.0,-245.0,203.0
2026-09-19T18:11:09.560619-04:00,9d14f87600f6edc74dbcb5c74edf6246,New England Patriots,Pittsburgh Steelers,betonlineag,-5.0,-110.0,41.5,-110.0,-245.0,203.0
2026-09-19T18:11:09.560619-04:00,9d14f87600f6edc74dbcb5c74edf6246,New England Patriots,Pittsburgh Steelers,fanduel,-4.5,-120.0,41.5,-110.0,-245.0,200.0
2026-09-19T18:11:09.560619-04:00,9d14f87600f6edc74dbcb5c74edf6246,New England Patriots,Pittsburgh Steelers,betrivers,-5.5,-112.0,42.0,-109.0,-240.0,195.0
2026-09-19T18:11:09.560619-04:00,9d14f87600f6edc74dbcb5c74edf6246,New England Patriots,Pittsburgh Steelers,betmgm,-5.0,-110.0,41.5,-105.0,-235.0,195.0
2026-09-19T18:11:09.560619-04:00,9d14f87600f6edc74dbcb5c74edf6246,New England Patriots,Pittsburgh Steelers,bovada,-5.0,-110.0,41.5,-110.0,-245.0,205.0
2026-09-19T18:11:09.560619-04:00,fafc649c455e32a0f2ba1bd06e2039bc,Tennessee Titans,Philadelphia Eagles,draftkings,7.0,-105.0,39.5,-110.0,260.0,-325.0
2026-09-19T18:11:09.560619-04:00,fafc649c455e32a0f2ba1bd06e2039bc,Tennessee Titans,Philadelphia Eagles,betus,7.5,-115.0,39.0,-110.0,275.0,-340.0
2026-09-19T18:11:09.560619-04:00,fafc649c455e32a0f2ba1bd06e2039bc,Tennessee Titans,Philadelphia Eagles,mybookieag,7.0,-110.0,39.5,-110.0,270.0,-350.0
2026-09-19T18:11:09.560619-04:00,fafc649c455e32a0f2ba1bd06e2039bc,Tennessee Titans,Philadelphia Eagles,lowvig,7.5,-114.0,39.0,-107.0,274.0,-340.0
2026-09-19T18:11:09.560619-04:00,fafc649c455e32a0f2ba1bd06e2039bc,Tennessee Titans,Philadelphia Eagles,betonlineag,7.5,-115.0,39.0,-110.0,274.0,-340.0
2026-09-19T18:11:09.560619-04:00,fafc649c455e32a0f2ba1bd06e2039bc,Tennessee Titans,Philadelphia Eagles,fanduel,7.0,-110.0,39.5,-110.0,280.0,-350.0
2026-09-19T18:11:09.560619-04:00,fafc649c455e32a0f2ba1bd06e2039bc,Tennessee Titans,Philadelphia Eagles,betrivers,7.0,-110.0,39.5,-112.0,265.0,-345.0
2026-09-19T18:11:09.560619-04:00,fafc649c455e32a0f2ba1bd06e2039bc,Tennessee Titans,Philadelphia Eagles,betmgm,7.0,-105.0,39.5,-108.0,270.0,-325.0
2026-09-19T18:11:09.560619-04:00,fafc649c455e32a0f2ba1bd06e2039bc,Tennessee Titans,Philadelphia Eagles,bovada,7.0,-110.0,39.5,-115.0,265.0,-330.0
2026-09-19T18:11:09.560619-04:00,1fd6628c781f556a7a19638e97d7107f,Denver Broncos,Jacksonville Jaguars,draftkings,-3.0,100.0,45.5,-108.0,-155.0,130.0
2026-09-19T18:11:09.560619-04:00,1fd6628c781f556a7a19638e97d7107f,Denver Broncos,Jacksonville Jaguars,betus,-2.0,-120.0,45.5,-110.0,-155.0,134.0
2026-09-19T18:11:09.560619-04:00,1fd6628c781f556a7a19638e97d7107f,Denver Broncos,Jacksonville Jaguars,mybookieag,-2.5,-115.0,45.5,-110.0,-155.0,126.0
2026-09-19T18:11:09.560619-04:00,1fd6628c781f556a7a19638e97d7107f,Denver Broncos,Jacksonville Jaguars,lowvig,-2.5,-116.0,45.5,-107.0,-153.0,133.0
2026-09-19T18:11:09.560619-04:00,1fd6628c781f556a7a19638e97d7107f,Denver Broncos,Jacksonville Jaguars,betonlineag,-2.5,-119.0,45.5,-110.0,-153.0,133.0
2026-09-19T18:11:09.560619-04:00,1fd6628c781f556a7a19638e97d7107f,Denver Broncos,Jacksonville Jaguars,fanduel,-2.5,-120.0,45.5,-105.0,-148.0,126.0
2026-09-19T18:11:09.560619-04:00,1fd6628c781f556a7a19638e97d7107f,Denver Broncos,Jacksonville Jaguars,betrivers,-3.0,-105.0,45.0,-110.0,-152.0,125.0
2026-09-19T18:11:09.560619-04:00,1fd6628c781f556a7a19638e97d7107f,Denver Broncos,Jacksonville Jaguars,betmgm,-2.5,-118.0,45.5,-108.0,-155.0,130.0
2026-09-19T18:11:09.560619-04:00,1fd6628c781f556a7a19638e97d7107f,Denver Broncos,Jacksonville Jaguars,bovada,-3.0,100.0,45.5,-110.0,-160.0,135.0
2026-09-19T18:11:09.560619-04:00,71b3b83747589efdc5baef2c5cf811bf,Los Angeles Chargers,Las Vegas Raiders,draftkings,-6.5,-118.0,43.5,-110.0,-305.0,245.0
2026-09-19T18:11:09.560619-04:00,71b3b83747589efdc5baef2c5cf811bf,Los Angeles Chargers,Las Vegas Raiders,betus,-7.0,100.0,43.5,-110.0,-295.0,245.0
2026-09-19T18:11:09.560619-04:00,71b3b83747589efdc5baef2c5cf811bf,Los Angeles Chargers,Las Vegas Raiders,mybookieag,-6.5,-110.0,43.5,-110.0,-310.0,240.0
2026-09-19T18:11:09.560619-04:00,71b3b83747589efdc5baef2c5cf811bf,Los Angeles Chargers,Las Vegas Raiders,lowvig,-6.5,-108.0,43.5,-105.0,-297.0,243.0
2026-09-19T18:11:09.560619-04:00,71b3b83747589efdc5baef2c5cf811bf,Los Angeles Chargers,Las Vegas Raiders,betonlineag,-6.5,-115.0,43.5,-108.0,-297.0,243.0
2026-09-19T18:11:09.560619-04:00,71b3b83747589efdc5baef2c5cf811bf,Los Angeles Chargers,Las Vegas Raiders,fanduel,-6.5,-115.0,43.5,-110.0,-300.0,245.0
2026-09-19T18:11:09.560619-04:00,71b3b83747589efdc5baef2c5cf811bf,Los Angeles Chargers,Las Vegas Raiders,betrivers,-6.5,-115.0,43.5,-112.0,-315.0,245.0
2026-09-19T18:11:09.560619-04:00,71b3b83747589efdc5baef2c5cf811bf,Los Angeles Chargers,Las Vegas Raiders,betmgm,-6.5,-115.0,43.5,-108.0,-295.0,240.0
2026-09-19T18:11:09.560619-04:00,71b3b83747589efdc5baef2c5cf811bf,Los Angeles Chargers,Las Vegas Raiders,bovada,-6.5,-115.0,43.5,-110.0,-310.0,255.0
2026-09-19T18:11:09.560619-04:00,4dd8020192a544385db42374e5555303,Arizona Cardinals,Seattle Seahawks,draftkings,3.5,100.0,40.5,-115.0,170.0,-205.0
2026-09-19T18:11:09.560619-04:00,4dd8020192a544385db42374e5555303,Arizona Cardinals,Seattle Seahawks,betus,4.0,-115.0,41.0,-110.0,170.0,-200.0
2026-09-19T18:11:09.560619-04:00,4dd8020192a544385db42374e5555303,Arizona Cardinals,Seattle Seahawks,mybookieag,4.0,-110.0,41.0,-110.0,173.0,-216.0
2026-09-19T18:11:09.560619-04:00,4dd8020192a544385db42374e5555303,Arizona Cardinals,Seattle Seahawks,lowvig,4.0,-113.0,40.5,-110.0,174.0,-200.0
2026-09-19T18:11:09.560619-04:00,4dd8020192a544385db42374e5555303,Arizona Cardinals,Seattle Seahawks,betonlineag,4.0,-117.0,40.5,-113.0,174.0,-200.0
2026-09-19T18:11:09.560619-04:00,4dd8020192a544385db42374e5555303,Arizona Cardinals,Seattle Seahawks,fanduel,4.5,-120.0,41.5,-102.0,176.0,-210.0
2026-09-19T18:11:09.560619-04:00,4dd8020192a544385db42374e5555303,Arizona Cardinals,Seattle Seahawks,betrivers,4.0,-113.0,41.0,-110.0,175.0,-215.0
2026-09-19T18:11:09.560619-04:00,4dd8020192a544385db42374e5555303,Arizona Cardinals,Seattle Seahawks,betmgm,4.0,-112.0,41.0,-105.0,170.0,-210.0
2026-09-19T18:11:09.560619-04:00,4dd8020192a544385db42374e5555303,Arizona Cardinals,Seattle Seahawks,bovada,3.5,-110.0,41.0,-110.0,165.0,-195.0
2026-09-19T18:11:09.560619-04:00,85ef85098ddd22fe4ecf45e7e3c0a9c0,Dallas Cowboys,Washington Commanders,draftkings,-3.5,-120.0,50.5,-115.0,-218.0,180.0
2026-09-19T18:11:09.560619-04:00,85ef85098ddd22fe4ecf45e7e3c0a9c0,Dallas Cowboys,Washington Commanders,betus,-4.0,-110.0,50.5,-105.0,-210.0,180.0
2026-09-19T18:11:09.560619-04:00,85ef85098ddd22fe4ecf45e7e3c0a9c0,Dallas Cowboys,Washington Commanders,mybookieag,-4.0,-110.0,50.5,-110.0,-208.0,167.0
2026-09-19T18:11:09.560619-04:00,85ef85098ddd22fe4ecf45e7e3c0a9c0,Dallas Cowboys,Washington Commanders,lowvig,-4.0,-105.0,50.5,-104.0,-205.0,177.0
2026-09-19T18:11:09.560619-04:00,85ef85098ddd22fe4ecf45e7e3c0a9c0,Dallas Cowboys,Washington Commanders,betonlineag,-4.0,-110.0,50.5,-107.0,-205.0,177.0
2026-09-19T18:11:09.560619-04:00,85ef85098ddd22fe4ecf45e7e3c0a9c0,Dallas Cowboys,Washington Commanders,fanduel,-4.5,-102.0,50.5,-110.0,-205.0,172.0
2026-09-19T18:11:09.560619-04:00,85ef85098ddd22fe4ecf45e7e3c0a9c0,Dallas Cowboys,Washington Commanders,betrivers,-4.5,-107.0,51.0,-107.0,-215.0,170.0
2026-09-19T18:11:09.560619-04:00,85ef85098ddd22fe4ecf45e7e3c0a9c0,Dallas Cowboys,Washington Commanders,betmgm,-4.0,-108.0,50.5,-110.0,-210.0,175.0
2026-09-19T18:11:09.560619-04:00,85ef85098ddd22fe4ecf45e7e3c0a9c0,Dallas Cowboys,Washington Commanders,bovada,-4.0,-105.0,50.5,-115.0,-200.0,170.0
2026-09-19T18:11:09.560619-04:00,68bc55903f50af4af4766adcc89fcc61,San Francisco 49ers,Miami Dolphins,draftkings,-13.5,-105.0,44.5,-115.0,-950.0,625.0
2026-09-19T18:11:09.560619-04:00,68bc55903f50af4af4766adcc89fcc61,San Francisco 49ers,Miami Dolphins,betus,-13.0,-115.0,45.0,-105.0,-1050.0,680.0
2026-09-19T18:11:09.560619-04:00,68bc55903f50af4af4766adcc89fcc61,San Francisco 49ers,Miami Dolphins,mybookieag,-13.5,-110.0,45.0,-110.0,-1122.0,658.0
2026-09-19T18:11:09.560619-04:00,68bc55903f50af4af4766adcc89fcc61,San Francisco 49ers,Miami Dolphins,lowvig,-13.0,-105.0,45.0,-102.0,-1050.0,686.0
2026-09-19T18:11:09.560619-04:00,68bc55903f50af4af4766adcc89fcc61,San Francisco 49ers,Miami Dolphins,betonlineag,-13.0,-115.0,45.0,-105.0,-1050.0,686.0
2026-09-19T18:11:09.560619-04:00,68bc55903f50af4af4766adcc89fcc61,San Francisco 49ers,Miami Dolphins,fanduel,-13.5,-105.0,45.5,-102.0,-950.0,640.0
2026-09-19T18:11:09.560619-04:00,68bc55903f50af4af4766adcc89fcc61,San Francisco 49ers,Miami Dolphins,betrivers,-13.5,-112.0,45.0,-110.0,-1000.0,600.0
2026-09-19T18:11:09.560619-04:00,68bc55903f50af4af4766adcc89fcc61,San Francisco 49ers,Miami Dolphins,betmgm,-13.5,-110.0,45.0,-110.0,-900.0,650.0
2026-09-19T18:11:09.560619-04:00,68bc55903f50af4af4766adcc89fcc61,San Francisco 49ers,Miami Dolphins,bovada,-13.0,-110.0,45.0,-110.0,-1100.0,650.0
2026-09-19T18:11:09.560619-04:00,50bc247030707d823b9c3581d7eb5760,Kansas City Chiefs,Indianapolis Colts,draftkings,-6.0,-112.0,46.5,-105.0,-285.0,230.0
2026-09-19T18:11:09.560619-04:00,50bc247030707d823b9c3581d7eb5760,Kansas City Chiefs,Indianapolis Colts,betus,-6.5,-105.0,46.5,-105.0,-290.0,240.0
2026-09-19T18:11:09.560619-04:00,50bc247030707d823b9c3581d7eb5760,Kansas City Chiefs,Indianapolis Colts,betonlineag,-6.5,-105.0,46.5,-105.0,-295.0,241.0
2026-09-19T18:11:09.560619-04:00,50bc247030707d823b9c3581d7eb5760,Kansas City Chiefs,Indianapolis Colts,lowvig,-6.5,100.0,46.5,-102.0,-295.0,241.0
2026-09-19T18:11:09.560619-04:00,50bc247030707d823b9c3581d7eb5760,Kansas City Chiefs,Indianapolis Colts,fanduel,-6.5,-105.0,46.5,-110.0,-280.0,230.0
2026-09-19T18:11:09.560619-04:00,50bc247030707d823b9c3581d7eb5760,Kansas City Chiefs,Indianapolis Colts,betrivers,-6.0,-115.0,46.5,-109.0,-315.0,250.0
2026-09-19T18:11:09.560619-04:00,50bc247030707d823b9c3581d7eb5760,Kansas City Chiefs,Indianapolis Colts,mybookieag,-6.0,-110.0,46.0,-110.0,-280.0,221.0
2026-09-19T18:11:09.560619-04:00,50bc247030707d823b9c3581d7eb5760,Kansas City Chiefs,Indianapolis Colts,betmgm,,,46.5,-108.0,-285.0,230.0
2026-09-19T18:11:09.560619-04:00,50bc247030707d823b9c3581d7eb5760,Kansas City Chiefs,Indianapolis Colts,bovada,-6.0,-110.0,46.5,105.0,-275.0,225.0
2026-09-20T13:08:51.929690-04:00,1fd6628c781f556a7a19638e97d7107f,Denver Broncos,Jacksonville Jaguars,draftkings,-2.5,-115.0,45.5,-110.0,-148.0,124.0
2026-09-20T13:08:51.929690-04:00,1fd6628c781f556a7a19638e97d7107f,Denver Broncos,Jacksonville Jaguars,betus,-3.0,105.0,45.5,-115.0,-145.0,125.0
2026-09-20T13:08:51.929690-04:00,1fd6628c781f556a7a19638e97d7107f,Denver Broncos,Jacksonville Jaguars,mybookieag,-2.5,-120.0,45.5,-110.0,-148.0,125.0
2026-09-20T13:08:51.929690-04:00,1fd6628c781f556a7a19638e97d7107f,Denver Broncos,Jacksonville Jaguars,lowvig,-2.5,-114.0,45.5,-113.0,-142.0,122.0
2026-09-20T13:08:51.929690-04:00,1fd6628c781f556a7a19638e97d7107f,Denver Broncos,Jacksonville Jaguars,betonlineag,-2.5,-119.0,45.5,-115.0,-142.0,122.0
2026-09-20T13:08:51.929690-04:00,1fd6628c781f556a7a19638e97d7107f,Denver Broncos,Jacksonville Jaguars,fanduel,-2.5,-120.0,45.5,-105.0,-148.0,126.0
2026-09-20T13:08:51.929690-04:00,1fd6628c781f556a7a19638e97d7107f,Denver Broncos,Jacksonville Jaguars,betrivers,-2.5,-115.0,45.0,-110.0,-152.0,125.0
2026-09-20T13:08:51.929690-04:00,1fd6628c781f556a7a19638e97d7107f,Denver Broncos,Jacksonville Jaguars,betmgm,-2.5,-118.0,45.5,-108.0,-145.0,120.0
2026-09-20T13:08:51.929690-04:00,1fd6628c781f556a7a19638e97d7107f,Denver Broncos,Jacksonville Jaguars,bovada,-2.5,-115.0,45.5,-110.0,-145.0,125.0
2026-09-20T13:08:51.929690-04:00,71b3b83747589efdc5baef2c5cf811bf,Los Angeles Chargers,Las Vegas Raiders,draftkings,-7.0,-105.0,43.5,-110.0,-340.0,270.0
2026-09-20T13:08:51.929690-04:00,71b3b83747589efdc5baef2c5cf811bf,Los Angeles Chargers,Las Vegas Raiders,betus,-7.0,100.0,43.5,-110.0,-310.0,255.0
2026-09-20T13:08:51.929690-04:00,71b3b83747589efdc5baef2c5cf811bf,Los Angeles Chargers,Las Vegas Raiders,mybookieag,-6.5,-115.0,43.5,-110.0,-310.0,255.0
2026-09-20T13:08:51.929690-04:00,71b3b83747589efdc5baef2c5cf811bf,Los Angeles Chargers,Las Vegas Raiders,lowvig,-6.5,-108.0,43.5,-107.0,-310.0,252.0
2026-09-20T13:08:51.929690-04:00,71b3b83747589efdc5baef2c5cf811bf,Los Angeles Chargers,Las Vegas Raiders,betonlineag,-6.5,-115.0,43.5,-110.0,-310.0,252.0
2026-09-20T13:08:51.929690-04:00,71b3b83747589efdc5baef2c5cf811bf,Los Angeles Chargers,Las Vegas Raiders,fanduel,-6.5,-115.0,43.5,-110.0,-300.0,245.0
2026-09-20T13:08:51.929690-04:00,71b3b83747589efdc5baef2c5cf811bf,Los Angeles Chargers,Las Vegas Raiders,betrivers,-6.5,-115.0,43.5,-112.0,-315.0,245.0
2026-09-20T13:08:51.929690-04:00,71b3b83747589efdc5baef2c5cf811bf,Los Angeles Chargers,Las Vegas Raiders,betmgm,-6.5,-115.0,43.5,-110.0,-300.0,250.0
2026-09-20T13:08:51.929690-04:00,71b3b83747589efdc5baef2c5cf811bf,Los Angeles Chargers,Las Vegas Raiders,bovada,-7.0,-105.0,43.5,-110.0,-320.0,260.0
2026-09-20T13:08:51.929690-04:00,4dd8020192a544385db42374e5555303,Arizona Cardinals,Seattle Seahawks,draftkings,3.5,100.0,41.5,-105.0,180.0,-218.0
2026-09-20T13:08:51.929690-04:00,4dd8020192a544385db42374e5555303,Arizona Cardinals,Seattle Seahawks,betus,4.0,-115.0,41.0,-110.0,170.0,-200.0
2026-09-20T13:08:51.929690-04:00,4dd8020192a544385db42374e5555303,Arizona Cardinals,Seattle Seahawks,mybookieag,4.0,-110.0,40.5,-110.0,176.0,-210.0
2026-09-20T13:08:51.929690-04:00,4dd8020192a544385db42374e5555303,Arizona Cardinals,Seattle Seahawks,lowvig,4.0,-110.0,40.5,-116.0,174.0,-200.0
2026-09-20T13:08:51.929690-04:00,4dd8020192a544385db42374e5555303,Arizona Cardinals,Seattle Seahawks,betonlineag,4.0,-115.0,40.5,-116.0,174.0,-200.0
2026-09-20T13:08:51.929690-04:00,4dd8020192a544385db42374e5555303,Arizona Cardinals,Seattle Seahawks,fanduel,4.5,-120.0,41.5,-102.0,176.0,-210.0
2026-09-20T13:08:51.929690-04:00,4dd8020192a544385db42374e5555303,Arizona Cardinals,Seattle Seahawks,betrivers,4.0,-109.0,41.0,-110.0,175.0,-215.0
2026-09-20T13:08:51.929690-04:00,4dd8020192a544385db42374e5555303,Arizona Cardinals,Seattle Seahawks,betmgm,4.0,-110.0,41.0,-110.0,175.0,-210.0
2026-09-20T13:08:51.929690-04:00,4dd8020192a544385db42374e5555303,Arizona Cardinals,Seattle Seahawks,bovada,3.5,-110.0,41.0,-110.0,165.0,-195.0
2026-09-20T13:08:51.929690-04:00,85ef85098ddd22fe4ecf45e7e3c0a9c0,Dallas Cowboys,Washington Commanders,draftkings,-4.5,-105.0,51.5,-102.0,-225.0,185.0
2026-09-20T13:08:51.929690-04:00,85ef85098ddd22fe4ecf45e7e3c0a9c0,Dallas Cowboys,Washington Commanders,betus,-4.0,-110.0,51.0,-110.0,-205.0,175.0
2026-09-20T13:08:51.929690-04:00,85ef85098ddd22fe4ecf45e7e3c0a9c0,Dallas Cowboys,Washington Commanders,mybookieag,-4.5,100.0,51.0,-110.0,-210.0,176.0
2026-09-20T13:08:51.929690-04:00,85ef85098ddd22fe4ecf45e7e3c0a9c0,Dallas Cowboys,Washington Commanders,lowvig,-4.0,-102.0,51.0,-107.0,-205.0,177.0
2026-09-20T13:08:51.929690-04:00,85ef85098ddd22fe4ecf45e7e3c0a9c0,Dallas Cowboys,Washington Commanders,betonlineag,-4.0,-107.0,51.0,-110.0,-205.0,177.0
2026-09-20T13:08:51.929690-04:00,85ef85098ddd22fe4ecf45e7e3c0a9c0,Dallas Cowboys,Washington Commanders,fanduel,-4.5,-106.0,50.5,-118.0,-215.0,180.0
2026-09-20T13:08:51.929690-04:00,85ef85098ddd22fe4ecf45e7e3c0a9c0,Dallas Cowboys,Washington Commanders,betrivers,-4.0,-112.0,51.0,-109.0,-215.0,170.0
2026-09-20T13:08:51.929690-04:00,85ef85098ddd22fe4ecf45e7e3c0a9c0,Dallas Cowboys,Washington Commanders,betmgm,-4.0,-110.0,51.0,-108.0,-210.0,175.0
2026-09-20T13:08:51.929690-04:00,85ef85098ddd22fe4ecf45e7e3c0a9c0,Dallas Cowboys,Washington Commanders,bovada,-4.0,-115.0,51.0,-110.0,-210.0,175.0
2026-09-20T13:08:51.929690-04:00,68bc55903f50af4af4766adcc89fcc61,San Francisco 49ers,Miami Dolphins,draftkings,-13.5,-110.0,44.5,-115.0,-950.0,625.0
2026-09-20T13:08:51.929690-04:00,68bc55903f50af4af4766adcc89fcc61,San Francisco 49ers,Miami Dolphins,betus,-13.5,-110.0,45.0,-110.0,-1000.0,650.0
2026-09-20T13:08:51.929690-04:00,68bc55903f50af4af4766adcc89fcc61,San Francisco 49ers,Miami Dolphins,mybookieag,-13.5,-110.0,45.0,-110.0,-1133.0,753.0
2026-09-20T13:08:51.929690-04:00,68bc55903f50af4af4766adcc89fcc61,San Francisco 49ers,Miami Dolphins,lowvig,-13.0,-109.0,45.0,-107.0,-1050.0,686.0
2026-09-20T13:08:51.929690-04:00,68bc55903f50af4af4766adcc89fcc61,San Francisco 49ers,Miami Dolphins,betonlineag,-13.0,-115.0,45.0,-110.0,-1050.0,686.0
2026-09-20T13:08:51.929690-04:00,68bc55903f50af4af4766adcc89fcc61,San Francisco 49ers,Miami Dolphins,fanduel,-13.5,-105.0,45.5,-102.0,-1000.0,660.0
2026-09-20T13:08:51.929690-04:00,68bc55903f50af4af4766adcc89fcc61,San Francisco 49ers,Miami Dolphins,betrivers,-13.0,-109.0,45.0,-110.0,-910.0,575.0
2026-09-20T13:08:51.929690-04:00,68bc55903f50af4af4766adcc89fcc61,San Francisco 49ers,Miami Dolphins,betmgm,-13.5,-108.0,45.0,-108.0,-1000.0,675.0
2026-09-20T13:08:51.929690-04:00,68bc55903f50af4af4766adcc89fcc61,San Francisco 49ers,Miami Dolphins,bovada,-13.0,-115.0,45.0,-110.0,-1200.0,700.0
2026-09-20T13:08:51.929690-04:00,50bc247030707d823b9c3581d7eb5760,Kansas City Chiefs,Indianapolis Colts,draftkings,-6.0,-108.0,46.5,-102.0,-265.0,215.0
2026-09-20T13:08:51.929690-04:00,50bc247030707d823b9c3581d7eb5760,Kansas City Chiefs,Indianapolis Colts,betus,-6.0,-105.0,46.0,-110.0,-270.0,225.0
2026-09-20T13:08:51.929690-04:00,50bc247030707d823b9c3581d7eb5760,Kansas City Chiefs,Indianapolis Colts,betonlineag,-6.0,-105.0,46.5,-105.0,-270.0,222.0
2026-09-20T13:08:51.929690-04:00,50bc247030707d823b9c3581d7eb5760,Kansas City Chiefs,Indianapolis Colts,lowvig,-6.0,100.0,46.5,-102.0,-270.0,222.0
2026-09-20T13:08:51.929690-04:00,50bc247030707d823b9c3581d7eb5760,Kansas City Chiefs,Indianapolis Colts,fanduel,-6.5,-102.0,45.5,-115.0,-290.0,235.0
2026-09-20T13:08:51.929690-04:00,50bc247030707d823b9c3581d7eb5760,Kansas City Chiefs,Indianapolis Colts,betrivers,-6.0,-114.0,46.5,-110.0,-315.0,240.0
2026-09-20T13:08:51.929690-04:00,50bc247030707d823b9c3581d7eb5760,Kansas City Chiefs,Indianapolis Colts,mybookieag,-6.0,-110.0,46.0,-110.0,-275.0,228.0
2026-09-20T13:08:51.929690-04:00,50bc247030707d823b9c3581d7eb5760,Kansas City Chiefs,Indianapolis Colts,betmgm,,,46.0,-108.0,-275.0,225.0
2026-09-20T13:08:51.929690-04:00,50bc247030707d823b9c3581d7eb5760,Kansas City Chiefs,Indianapolis Colts,bovada,-5.5,-110.0,45.5,105.0,-290.0,240.0
2026-09-20T13:08:51.929690-04:00,32367f882fac1a0c20a6335619922025,Los Angeles Rams,New York Giants,draftkings,-6.5,-115.0,47.5,-110.0,-285.0,230.0
2026-09-20T13:08:51.929690-04:00,32367f882fac1a0c20a6335619922025,Los Angeles Rams,New York Giants,betus,-7.0,100.0,47.5,-110.0,-305.0,253.0
2026-09-20T13:08:51.929690-04:00,32367f882fac1a0c20a6335619922025,Los Angeles Rams,New York Giants,betonlineag,-6.5,-117.0,47.5,-110.0,-305.0,249.0
2026-09-20T13:08:51.929690-04:00,32367f882fac1a0c20a6335619922025,Los Angeles Rams,New York Giants,lowvig,-6.5,-114.0,47.5,-107.0,-305.0,249.0
2026-09-20T13:08:51.929690-04:00,32367f882fac1a0c20a6335619922025,Los Angeles Rams,New York Giants,fanduel,-6.5,-120.0,47.5,-105.0,-310.0,250.0
2026-09-20T13:08:51.929690-04:00,32367f882fac1a0c20a6335619922025,Los Angeles Rams,New York Giants,betrivers,-7.0,-112.0,48.0,-113.0,-335.0,260.0
2026-09-20T13:08:51.929690-04:00,32367f882fac1a0c20a6335619922025,Los Angeles Rams,New York Giants,betmgm,-7.0,-102.0,47.5,-108.0,-300.0,250.0
2026-09-20T13:08:51.929690-04:00,32367f882fac1a0c20a6335619922025,Los Angeles Rams,New York Giants,mybookieag,-7.0,100.0,47.5,-110.0,-319.0,246.0
2026-09-20T13:08:51.929690-04:00,32367f882fac1a0c20a6335619922025,Los Angeles Rams,New York Giants,bovada,-7.0,-105.0,47.5,-115.0,-310.0,255.0
2026-09-20T18:14:20.290952-04:00,50bc247030707d823b9c3581d7eb5760,Kansas City Chiefs,Indianapolis Colts,draftkings,-6.0,-108.0,46.5,-102.0,-265.0,215.0
2026-09-20T18:14:20.290952-04:00,50bc247030707d823b9c3581d7eb5760,Kansas City Chiefs,Indianapolis Colts,betus,-6.0,-105.0,46.0,-110.0,-280.0,235.0
2026-09-20T18:14:20.290952-04:00,50bc247030707d823b9c3581d7eb5760,Kansas City Chiefs,Indianapolis Colts,betonlineag,-6.0,-105.0,46.0,-110.0,-285.0,234.0
2026-09-20T18:14:20.290952-04:00,50bc247030707d823b9c3581d7eb5760,Kansas City Chiefs,Indianapolis Colts,lowvig,-6.0,100.0,46.0,-107.0,-285.0,234.0
2026-09-20T18:14:20.290952-04:00,50bc247030707d823b9c3581d7eb5760,Kansas City Chiefs,Indianapolis Colts,fanduel,-6.5,-102.0,45.5,-115.0,-290.0,235.0
2026-09-20T18:14:20.290952-04:00,50bc247030707d823b9c3581d7eb5760,Kansas City Chiefs,Indianapolis Colts,betrivers,-6.0,-114.0,46.0,-112.0,-315.0,240.0
2026-09-20T18:14:20.290952-04:00,50bc247030707d823b9c3581d7eb5760,Kansas City Chiefs,Indianapolis Colts,mybookieag,-6.0,-110.0,46.0,-110.0,-275.0,228.0
2026-09-20T18:14:20.290952-04:00,50bc247030707d823b9c3581d7eb5760,Kansas City Chiefs,Indianapolis Colts,betmgm,,,46.0,-108.0,-295.0,240.0
2026-09-20T18:14:20.290952-04:00,50bc247030707d823b9c3581d7eb5760,Kansas City Chiefs,Indianapolis Colts,bovada,-5.5,-110.0,46.0,105.0,-285.0,235.0
2026-09-20T18:14:20.290952-04:00,32367f882fac1a0c20a6335619922025,Los Angeles Rams,New York Giants,draftkings,-6.5,-115.0,47.5,-110.0,-285.0,230.0
2026-09-20T18:14:20.290952-04:00,32367f882fac1a0c20a6335619922025,Los Angeles Rams,New York Giants,betus,-7.0,100.0,47.5,-110.0,-305.0,253.0
2026-09-20T18:14:20.290952-04:00,32367f882fac1a0c20a6335619922025,Los Angeles Rams,New York Giants,betonlineag,-6.5,-117.0,47.5,-110.0,-315.0,256.0
2026-09-20T18:14:20.290952-04:00,32367f882fac1a0c20a6335619922025,Los Angeles Rams,New York Giants,lowvig,-6.5,-114.0,47.5,-107.0,-315.0,256.0
2026-09-20T18:14:20.290952-04:00,32367f882fac1a0c20a6335619922025,Los Angeles Rams,New York Giants,fanduel,-6.5,-120.0,47.5,-105.0,-310.0,250.0
2026-09-20T18:14:20.290952-04:00,32367f882fac1a0c20a6335619922025,Los Angeles Rams,New York Giants,betrivers,-7.0,-110.0,47.5,-113.0,-335.0,260.0
2026-09-20T18:14:20.290952-04:00,32367f882fac1a0c20a6335619922025,Los Angeles Rams,New York Giants,betmgm,-7.0,-102.0,47.5,-108.0,-300.0,250.0
2026-09-20T18:14:20.290952-04:00,32367f882fac1a0c20a6335619922025,Los Angeles Rams,New York Giants,mybookieag,-7.0,100.0,47.5,-110.0,-310.0,240.0
2026-09-20T18:14:20.290952-04:00,32367f882fac1a0c20a6335619922025,Los Angeles Rams,New York Giants,bovada,-7.0,-105.0,47.5,-115.0,-310.0,255.0
2026-09-21T10:42:07.429489-04:00,32367f882fac1a0c20a6335619922025,Los Angeles Rams,New York Giants,draftkings,-6.5,-115.0,47.5,-110.0,-290.0,235.0
2026-09-21T10:42:07.429489-04:00,32367f882fac1a0c20a6335619922025,Los Angeles Rams,New York Giants,betus,-7.0,100.0,47.5,-110.0,-310.0,255.0
2026-09-21T10:42:07.429489-04:00,32367f882fac1a0c20a6335619922025,Los Angeles Rams,New York Giants,betonlineag,-6.5,-115.0,47.5,-110.0,-305.0,249.0
2026-09-21T10:42:07.429489-04:00,32367f882fac1a0c20a6335619922025,Los Angeles Rams,New York Giants,lowvig,-6.5,-110.0,47.5,-107.0,-305.0,249.0
2026-09-21T10:42:07.429489-04:00,32367f882fac1a0c20a6335619922025,Los Angeles Rams,New York Giants,fanduel,-6.5,-120.0,47.5,-105.0,-310.0,250.0
2026-09-21T10:42:07.429489-04:00,32367f882fac1a0c20a6335619922025,Los Angeles Rams,New York Giants,betrivers,-6.5,-117.0,47.5,-106.0,-315.0,250.0
2026-09-21T10:42:07.429489-04:00,32367f882fac1a0c20a6335619922025,Los Angeles Rams,New York Giants,betmgm,-6.5,-112.0,47.5,-108.0,-300.0,240.0
2026-09-21T10:42:07.429489-04:00,32367f882fac1a0c20a6335619922025,Los Angeles Rams,New York Giants,mybookieag,-7.0,100.0,47.5,-110.0,-290.0,236.0
2026-09-21T10:42:07.429489-04:00,32367f882fac1a0c20a6335619922025,Los Angeles Rams,New York Giants,bovada,-6.5,-115.0,47.5,-110.0,-320.0,260.0
2026-09-21T14:58:53.424488-04:00,32367f882fac1a0c20a6335619922025,Los Angeles Rams,New York Giants,draftkings,-6.5,-115.0,47.5,-110.0,-298.0,240.0
2026-09-21T14:58:53.424488-04:00,32367f882fac1a0c20a6335619922025,Los Angeles Rams,New York Giants,betus,-7.0,100.0,47.5,-110.0,-300.0,250.0
2026-09-21T14:58:53.424488-04:00,32367f882fac1a0c20a6335619922025,Los Angeles Rams,New York Giants,betonlineag,-7.0,-105.0,47.5,-110.0,-320.0,260.0
2026-09-21T14:58:53.424488-04:00,32367f882fac1a0c20a6335619922025,Los Angeles Rams,New York Giants,lowvig,-7.0,104.0,47.5,-107.0,-320.0,260.0
2026-09-21T14:58:53.424488-04:00,32367f882fac1a0c20a6335619922025,Los Angeles Rams,New York Giants,fanduel,-6.5,-120.0,47.5,-105.0,-300.0,245.0
2026-09-21T14:58:53.424488-04:00,32367f882fac1a0c20a6335619922025,Los Angeles Rams,New York Giants,betrivers,-7.0,-107.0,47.0,-114.0,-315.0,250.0
2026-09-21T14:58:53.424488-04:00,32367f882fac1a0c20a6335619922025,Los Angeles Rams,New York Giants,betmgm,-6.5,-110.0,47.5,-110.0,-300.0,240.0
2026-09-21T14:58:53.424488-04:00,32367f882fac1a0c20a6335619922025,Los Angeles Rams,New York Giants,mybookieag,-7.0,100.0,47.5,-110.0,-315.0,257.0
2026-09-21T14:58:53.424488-04:00,32367f882fac1a0c20a6335619922025,Los Angeles Rams,New York Giants,bovada,-6.5,-120.0,48.0,-105.0,-330.0,265.0
2026-09-21T19:02:48.648046-04:00,32367f882fac1a0c20a6335619922025,Los Angeles Rams,New York Giants,draftkings,-6.5,-115.0,47.5,-110.0,-298.0,240.0
2026-09-21T19:02:48.648046-04:00,32367f882fac1a0c20a6335619922025,Los Angeles Rams,New York Giants,betus,-7.0,100.0,47.0,-110.0,-300.0,250.0
2026-09-21T19:02:48.648046-04:00,32367f882fac1a0c20a6335619922025,Los Angeles Rams,New York Giants,betonlineag,-7.0,-104.0,47.5,-105.0,-300.0,245.0
2026-09-21T19:02:48.648046-04:00,32367f882fac1a0c20a6335619922025,Los Angeles Rams,New York Giants,lowvig,-6.5,-107.0,47.5,-102.0,-300.0,245.0
2026-09-21T19:02:48.648046-04:00,32367f882fac1a0c20a6335619922025,Los Angeles Rams,New York Giants,fanduel,-6.5,-115.0,47.5,-105.0,-300.0,245.0
2026-09-21T19:02:48.648046-04:00,32367f882fac1a0c20a6335619922025,Los Angeles Rams,New York Giants,betrivers,-7.0,-106.0,47.0,-114.0,-315.0,250.0
2026-09-21T19:02:48.648046-04:00,32367f882fac1a0c20a6335619922025,Los Angeles Rams,New York Giants,betmgm,-6.5,-108.0,47.0,-120.0,-295.0,240.0
2026-09-21T19:02:48.648046-04:00,32367f882fac1a0c20a6335619922025,Los Angeles Rams,New York Giants,mybookieag,-6.5,-110.0,47.0,-110.0,-288.0,238.0
2026-09-21T19:02:48.648046-04:00,32367f882fac1a0c20a6335619922025,Los Angeles Rams,New York Giants,bovada,-6.5,-110.0,47.0,-115.0,-290.0,240.0
2026-09-24T14:04:24.668066-04:00,e5fbd3b3953b896b1bf897ddadb3cc4b,Green Bay Packers,Atlanta Falcons,draftkings,-4.5,-115.0,42.5,-118.0,-245.0,200.0
2026-09-24T14:04:24.668066-04:00,e5fbd3b3953b896b1bf897ddadb3cc4b,Green Bay Packers,Atlanta Falcons,betus,-4.5,-115.0,43.0,-105.0,-235.0,200.0
2026-09-24T14:04:24.668066-04:00,e5fbd3b3953b896b1bf897ddadb3cc4b,Green Bay Packers,Atlanta Falcons,fanduel,-4.5,-118.0,43.5,-104.0,-245.0,200.0
2026-09-24T14:04:24.668066-04:00,e5fbd3b3953b896b1bf897ddadb3cc4b,Green Bay Packers,Atlanta Falcons,betrivers,-5.0,-109.0,43.0,-112.0,-265.0,210.0
2026-09-24T14:04:24.668066-04:00,e5fbd3b3953b896b1bf897ddadb3cc4b,Green Bay Packers,Atlanta Falcons,betonlineag,-4.5,-115.0,43.0,-110.0,-250.0,207.0
2026-09-24T14:04:24.668066-04:00,e5fbd3b3953b896b1bf897ddadb3cc4b,Green Bay Packers,Atlanta Falcons,lowvig,-4.5,-110.0,43.0,-107.0,-250.0,207.0
2026-09-24T14:04:24.668066-04:00,e5fbd3b3953b896b1bf897ddadb3cc4b,Green Bay Packers,Atlanta Falcons,mybookieag,-5.0,-110.0,43.0,-110.0,-246.0,204.0
2026-09-24T14:04:24.668066-04:00,e5fbd3b3953b896b1bf897ddadb3cc4b,Green Bay Packers,Atlanta Falcons,betmgm,-4.5,-105.0,43.0,-110.0,-250.0,200.0
2026-09-24T14:04:24.668066-04:00,e5fbd3b3953b896b1bf897ddadb3cc4b,Green Bay Packers,Atlanta Falcons,bovada,-5.5,-105.0,43.0,-110.0,-250.0,210.0
